Property ID,Title,URL,Price,TotalPrice,Latitude,Longitude,LatLong,Rating Badge,Rating Description,Number of Reviews,Check-in Date,Check-out Date,Region ID,Destination,Price (top_dp),Currency (top_cur),Room Type,Rate Plan,Neighborhood ID,Privacy Tracking State,Search ID,User Intent,Referrer URL,PWA Timestamp,Sleeps,Bedrooms,Bathrooms
3894161,Luxe 3-Bed Condo in Babcock National Golf & Country Club with Golf Membership,3894161?chkin=2024-11-01&chkout=2024-12-31&d1=2024-11-01&d2=2024-12-31&startDate=2024-11-01&endDate=2024-12-31&x_pwa=1&rfrr=HSR&pwa_ts=1721372930390&referrerUrl=aHR0cHM6Ly93d3cudnJiby5jb20vSG90ZWwtU2VhcmNo&useRewards=true&adults=2&destination=43111+Greenway+Blvd%2C+Punta+Gorda%2C+FL+33982%2C+USA&destType=ADDRESS&latLong=26.7948913%2C-81.7353078&bedroom_count_gt=3&nearby_activities_group=golfing&privacyTrackingState=CAN_TRACK&property_type_group=apartment_or_condo&searchId=dc4d6c4e-55eb-4928-b264-5ff89d7b4414&us_bathroom_count_gt=2&sort=RECOMMENDED&top_dp=125&top_cur=USD&userIntent=&selectedRoomType=103028702&selectedRatePlan=0004ebad9607617a43148548e503d1e4d3ea&expediaPropertyId=103028702&propertyName=Luxe+3-Bed+Condo+in+Babcock+National+Golf+%26+Country+Club+with+Golf+Membership,$125 ,"$8,347 ",26.682838,-81.795225,"26.682838,-81.795225",10,Exceptional,50,11/1/24,12/31/24,6233839,"Southwest Florida, Florida, United States of America",120,USD,63879992,0004084ffda213f04581b897fb2524757776,N/A,CAN_TRACK,32f7d137-c516-4564-92ed-c5b23f0a7350,N/A,aHR0cHM6Ly93d3cudnJiby5jb20vSG90ZWwtU2VhcmNo,1.72137E+12,6,3,2
2189079,Quiet Riverside Cottage in Downtown Bonita Springs,/2189079?chkin=2024-12-01&chkout=2025-01-31&d1=2024-12-01&d2=2025-01-31&startDate=2024-12-01&endDate=2025-01-31&x_pwa=1&rfrr=HSR&pwa_ts=1721372156361&referrerUrl=aHR0cHM6Ly93d3cudnJiby5jb20vSG90ZWwtU2VhcmNo&useRewards=true&adults=2&regionId=6233839&destination=Southwest+Florida%2C+Florida%2C+United+States+of+America&destType=MARKET&latLong=26.682838%2C-81.795225&privacyTrackingState=CAN_TRACK&searchId=32f7d137-c516-4564-92ed-c5b23f0a7350&sort=RECOMMENDED&top_dp=189&top_cur=USD&userIntent=&selectedRoomType=63879992&selectedRatePlan=0004084ffda213f04581b897fb2524757776&expediaPropertyId=63879992&propertyName=Quiet+Riverside+Cottage+in+Downtown+Bonita+Springs,$200 ,"$12,426 ",26.682838,-81.795225,"26.682838,-81.795225",10,Exceptional,13,12/1/24,1/31/25,6233839,"Southwest Florida, Florida, United States of America",189,USD,63879992,0004084ffda213f04581b897fb2524757776,N/A,CAN_TRACK,32f7d137-c516-4564-92ed-c5b23f0a7350,N/A,aHR0cHM6Ly93d3cudnJiby5jb20vSG90ZWwtU2VhcmNo,1.72137E+12,8,N/A,N/A
9877480ha,Minutes Away from Beach Cabana Breeze,/9877480ha?chkin=2024-12-01&chkout=2025-01-31&d1=2024-12-01&d2=2025-01-31&startDate=2024-12-01&endDate=2025-01-31&x_pwa=1&rfrr=HSR&pwa_ts=1721372156361&referrerUrl=aHR0cHM6Ly93d3cudnJiby5jb20vSG90ZWwtU2VhcmNo&useRewards=true&adults=2&regionId=6233839&destination=Southwest+Florida%2C+Florida%2C+United+States+of+America&destType=MARKET&latLong=26.682838%2C-81.795225&privacyTrackingState=CAN_TRACK&searchId=32f7d137-c516-4564-92ed-c5b23f0a7350&sort=RECOMMENDED&top_dp=132&top_cur=USD&userIntent=&selectedRoomType=99425489&selectedRatePlan=00001f1f8710f17c45e3b737627bc6b2e31a&expediaPropertyId=99425489&propertyName=Minutes+Away+from+Beach+Cabana+Breeze,$132 ,"$9,899 ",26.682838,-81.795225,"26.682838,-81.795225",9.4,Exceptional,13,12/1/24,1/31/25,6233839,"Southwest Florida, Florida, United States of America",132,USD,99425489,00001f1f8710f17c45e3b737627bc6b2e31a,N/A,CAN_TRACK,32f7d137-c516-4564-92ed-c5b23f0a7350,N/A,aHR0cHM6Ly93d3cudnJiby5jb20vSG90ZWwtU2VhcmNo,1.72137E+12,6,2,2
46223,Spectacular Beachfront Living on Casey Key,/46223?chkin=2024-12-01&chkout=2025-01-31&d1=2024-12-01&d2=2025-01-31&startDate=2024-12-01&endDate=2025-01-31&x_pwa=1&rfrr=HSR&pwa_ts=1721372156361&referrerUrl=aHR0cHM6Ly93d3cudnJiby5jb20vSG90ZWwtU2VhcmNo&useRewards=true&adults=2&regionId=6233839&destination=Southwest+Florida%2C+Florida%2C+United+States+of+America&destType=MARKET&latLong=26.682838%2C-81.795225&privacyTrackingState=CAN_TRACK&searchId=32f7d137-c516-4564-92ed-c5b23f0a7350&sort=RECOMMENDED&top_dp=329&top_cur=USD&userIntent=&selectedRoomType=33959954&selectedRatePlan=000488bf7c14ff7f4a0a871f32bbc86c3a7a&expediaPropertyId=33959954&propertyName=Spectacular+Beachfront+Living+on+Casey+Key,$356 ,"$21,079 ",26.682838,-81.795225,"26.682838,-81.795225",Premier Host,Exceptional,117,12/1/24,1/31/25,6233839,"Southwest Florida, Florida, United States of America",329,USD,33959954,000488bf7c14ff7f4a0a871f32bbc86c3a7a,N/A,CAN_TRACK,32f7d137-c516-4564-92ed-c5b23f0a7350,N/A,aHR0cHM6Ly93d3cudnJiby5jb20vSG90ZWwtU2VhcmNo,1.72137E+12,2,N/A,N/A
7632003ha,"THE BEACH, condo #107, PRIVATE BEACH ",/7632003ha?chkin=2024-12-01&chkout=2025-01-31&d1=2024-12-01&d2=2025-01-31&startDate=2024-12-01&endDate=2025-01-31&x_pwa=1&rfrr=HSR&pwa_ts=1721372156360&referrerUrl=aHR0cHM6Ly93d3cudnJiby5jb20vSG90ZWwtU2VhcmNo&useRewards=true&adults=2&regionId=6233839&destination=Southwest+Florida%2C+Florida%2C+United+States+of+America&destType=MARKET&latLong=26.682838%2C-81.795225&privacyTrackingState=CAN_TRACK&searchId=32f7d137-c516-4564-92ed-c5b23f0a7350&sort=RECOMMENDED&top_dp=271&top_cur=USD&userIntent=&selectedRoomType=35541645&selectedRatePlan=0000a461719f54c945ecaf2b653be845b8c5&expediaPropertyId=35541645&propertyName=THE+BEACH%2C+condo+%23107%2C+PRIVATE+BEACH+,$277 ,"$17,490 ",26.682838,-81.795225,"26.682838,-81.795225",9.8,Exceptional,58,12/1/24,1/31/25,6233839,"Southwest Florida, Florida, United States of America",271,USD,35541645,0000a461719f54c945ecaf2b653be845b8c5,N/A,CAN_TRACK,32f7d137-c516-4564-92ed-c5b23f0a7350,N/A,aHR0cHM6Ly93d3cudnJiby5jb20vSG90ZWwtU2VhcmNo,1.72137E+12,4,N/A,N/A
3462349,"Get here fast, then take it slow... Right ‚Äî ON ‚Äî Siesta Beach at Condo Kokomo!",/3462349?chkin=2024-12-01&chkout=2025-01-31&d1=2024-12-01&d2=2025-01-31&startDate=2024-12-01&endDate=2025-01-31&x_pwa=1&rfrr=HSR&pwa_ts=1721372156362&referrerUrl=aHR0cHM6Ly93d3cudnJiby5jb20vSG90ZWwtU2VhcmNo&useRewards=true&adults=2&regionId=6233839&destination=Southwest+Florida%2C+Florida%2C+United+States+of+America&destType=MARKET&latLong=26.682838%2C-81.795225&privacyTrackingState=CAN_TRACK&searchId=32f7d137-c516-4564-92ed-c5b23f0a7350&sort=RECOMMENDED&top_dp=293&top_cur=USD&userIntent=&selectedRoomType=95350698&selectedRatePlan=00044dcbb4051ee846c585ad9f4b1ae77351&expediaPropertyId=95350698&propertyName=Get+here+fast%2C+then+take+it+slow...+Right+%E2%80%94+ON+%E2%80%94+Siesta+Beach+at+Condo+Kokomo%21,$301 ,"$18,942 ",26.682838,-81.795225,"26.682838,-81.795225",10,Exceptional,19,12/1/24,1/31/25,6233839,"Southwest Florida, Florida, United States of America",293,USD,95350698,00044dcbb4051ee846c585ad9f4b1ae77351,N/A,CAN_TRACK,32f7d137-c516-4564-92ed-c5b23f0a7350,N/A,aHR0cHM6Ly93d3cudnJiby5jb20vSG90ZWwtU2VhcmNo,1.72137E+12,4,N/A,N/A
1235078,Private Pool House 6 miles from the Beach,/1235078?chkin=2024-12-01&chkout=2025-01-31&d1=2024-12-01&d2=2025-01-31&startDate=2024-12-01&endDate=2025-01-31&x_pwa=1&rfrr=HSR&pwa_ts=1721372156361&referrerUrl=aHR0cHM6Ly93d3cudnJiby5jb20vSG90ZWwtU2VhcmNo&useRewards=true&adults=2&regionId=6233839&destination=Southwest+Florida%2C+Florida%2C+United+States+of+America&destType=MARKET&latLong=26.682838%2C-81.795225&privacyTrackingState=CAN_TRACK&searchId=32f7d137-c516-4564-92ed-c5b23f0a7350&sort=RECOMMENDED&top_dp=190&top_cur=USD&userIntent=&selectedRoomType=29935159&selectedRatePlan=0004369bb9ace9944d199111a29322ec3504&expediaPropertyId=29935159&propertyName=Private+Pool+House+6+miles+from+the+Beach,$200 ,"$12,713 ",26.682838,-81.795225,"26.682838,-81.795225",9.8,Exceptional,201,12/1/24,1/31/25,6233839,"Southwest Florida, Florida, United States of America",190,USD,29935159,0004369bb9ace9944d199111a29322ec3504,N/A,CAN_TRACK,32f7d137-c516-4564-92ed-c5b23f0a7350,N/A,aHR0cHM6Ly93d3cudnJiby5jb20vSG90ZWwtU2VhcmNo,1.72137E+12,5,2,N/A
2742032,Renovated Quiet Venice Pool + Hot Tub Oasis-1/1!,/2742032?chkin=2024-12-01&chkout=2025-01-31&d1=2024-12-01&d2=2025-01-31&startDate=2024-12-01&endDate=2025-01-31&x_pwa=1&rfrr=HSR&pwa_ts=1721372156360&referrerUrl=aHR0cHM6Ly93d3cudnJiby5jb20vSG90ZWwtU2VhcmNo&useRewards=true&adults=2&regionId=6233839&destination=Southwest+Florida%2C+Florida%2C+United+States+of+America&destType=MARKET&neighborhoodId=553248635975875350&latLong=26.682838%2C-81.795225&privacyTrackingState=CAN_TRACK&searchId=32f7d137-c516-4564-92ed-c5b23f0a7350&sort=RECOMMENDED&top_dp=149&top_cur=USD&userIntent=&selectedRoomType=76814964&selectedRatePlan=0004a7d833d96b9c4e458fd835a0c2bb6333&expediaPropertyId=76814964&propertyName=Renovated+Quiet+Venice+Pool+%2B+Hot+Tub+Oasis-1%2F1%21,$149 ,"$9,669 ",26.682838,-81.795225,"26.682838,-81.795225",9.4,Exceptional,11,12/1/24,1/31/25,6233839,"Southwest Florida, Florida, United States of America",149,USD,76814964,0004a7d833d96b9c4e458fd835a0c2bb6333,5.53249E+17,CAN_TRACK,32f7d137-c516-4564-92ed-c5b23f0a7350,N/A,aHR0cHM6Ly93d3cudnJiby5jb20vSG90ZWwtU2VhcmNo,1.72137E+12,4,N/A,N/A
3163072,"Quiet beach cottage with SPA near Anna Maria Island and IMG, downtown",/3163072?chkin=2024-12-01&chkout=2025-01-31&d1=2024-12-01&d2=2025-01-31&startDate=2024-12-01&endDate=2025-01-31&x_pwa=1&rfrr=HSR&pwa_ts=1721372156363&referrerUrl=aHR0cHM6Ly93d3cudnJiby5jb20vSG90ZWwtU2VhcmNo&useRewards=true&adults=2&regionId=6233839&destination=Southwest+Florida%2C+Florida%2C+United+States+of+America&destType=MARKET&neighborhoodId=553248635976481656&latLong=26.682838%2C-81.795225&privacyTrackingState=CAN_TRACK&searchId=32f7d137-c516-4564-92ed-c5b23f0a7350&sort=RECOMMENDED&top_dp=153&top_cur=USD&userIntent=&selectedRoomType=90010839&selectedRatePlan=00047b688b3594334e3095bbdb4c18a3a9bb&expediaPropertyId=90010839&propertyName=Quiet+beach+cottage+with+SPA+near+Anna+Maria+Island+and+IMG%2C+downtown,$153 ,"$10,157 ",26.682838,-81.795225,"26.682838,-81.795225",10,Exceptional,13,12/1/24,1/31/25,6233839,"Southwest Florida, Florida, United States of America",153,USD,90010839,00047b688b3594334e3095bbdb4c18a3a9bb,5.53249E+17,CAN_TRACK,32f7d137-c516-4564-92ed-c5b23f0a7350,N/A,aHR0cHM6Ly93d3cudnJiby5jb20vSG90ZWwtU2VhcmNo,1.72137E+12,4,2,N/A
2004323,Comfy beachside retreat,/2004323?chkin=2024-12-01&chkout=2025-01-31&d1=2024-12-01&d2=2025-01-31&startDate=2024-12-01&endDate=2025-01-31&x_pwa=1&rfrr=HSR&pwa_ts=1721372156364&referrerUrl=aHR0cHM6Ly93d3cudnJiby5jb20vSG90ZWwtU2VhcmNo&useRewards=true&adults=2&regionId=6233839&destination=Southwest+Florida%2C+Florida%2C+United+States+of+America&destType=MARKET&latLong=26.682838%2C-81.795225&privacyTrackingState=CAN_TRACK&searchId=32f7d137-c516-4564-92ed-c5b23f0a7350&sort=RECOMMENDED&top_dp=270&top_cur=USD&userIntent=&selectedRoomType=54918194&selectedRatePlan=000400268ac837254eabb99f0a61b2e307bc&expediaPropertyId=54918194&propertyName=Comfy+beachside+retreat,$270 ,"$18,129 ",26.682838,-81.795225,"26.682838,-81.795225",8.6,Excellent,27,12/1/24,1/31/25,6233839,"Southwest Florida, Florida, United States of America",270,USD,54918194,000400268ac837254eabb99f0a61b2e307bc,N/A,CAN_TRACK,32f7d137-c516-4564-92ed-c5b23f0a7350,N/A,aHR0cHM6Ly93d3cudnJiby5jb20vSG90ZWwtU2VhcmNo,1.72137E+12,4,N/A,N/A
3230339,"Coastal Getaway, Everglades City",/3230339?chkin=2024-12-01&chkout=2025-01-31&d1=2024-12-01&d2=2025-01-31&startDate=2024-12-01&endDate=2025-01-31&x_pwa=1&rfrr=HSR&pwa_ts=1721372156361&referrerUrl=aHR0cHM6Ly93d3cudnJiby5jb20vSG90ZWwtU2VhcmNo&useRewards=true&adults=2&regionId=6233839&destination=Southwest+Florida%2C+Florida%2C+United+States+of+America&destType=MARKET&latLong=26.682838%2C-81.795225&privacyTrackingState=CAN_TRACK&searchId=32f7d137-c516-4564-92ed-c5b23f0a7350&sort=RECOMMENDED&top_dp=203&top_cur=USD&userIntent=&selectedRoomType=91023344&selectedRatePlan=00049a9280a8ad184e20b1119e1c20c97582&expediaPropertyId=91023344&propertyName=Coastal+Getaway%2C+Everglades+City,$225 ,"$13,402 ",26.682838,-81.795225,"26.682838,-81.795225",10,Exceptional,12,12/1/24,1/31/25,6233839,"Southwest Florida, Florida, United States of America",203,USD,91023344,00049a9280a8ad184e20b1119e1c20c97582,N/A,CAN_TRACK,32f7d137-c516-4564-92ed-c5b23f0a7350,N/A,aHR0cHM6Ly93d3cudnJiby5jb20vSG90ZWwtU2VhcmNo,1.72137E+12,6,2,2
7850036ha,Anna Maria Sunsets - studio,/7850036ha?chkin=2024-12-01&chkout=2025-01-31&d1=2024-12-01&d2=2025-01-31&startDate=2024-12-01&endDate=2025-01-31&x_pwa=1&rfrr=HSR&pwa_ts=1721372160716&referrerUrl=aHR0cHM6Ly93d3cudnJiby5jb20vSG90ZWwtU2VhcmNo&useRewards=true&adults=2&regionId=6233839&destination=Southwest+Florida%2C+Florida%2C+United+States+of+America&destType=MARKET&latLong=26.682838%2C-81.795225&privacyTrackingState=CAN_TRACK&searchId=73ffef74-c4d9-4b5b-aa02-3aadfdf3be48&sort=RECOMMENDED&top_dp=155&top_cur=USD&userIntent=&selectedRoomType=39524590&selectedRatePlan=00009aaf5411066142838f62c9be4f8eafb6&expediaPropertyId=39524590&propertyName=Anna+Maria+Sunsets+-+studio,$155 ,"$10,116 ",26.682838,-81.795225,"26.682838,-81.795225",Premier Host,Exceptional,188,12/1/24,1/31/25,6233839,"Southwest Florida, Florida, United States of America",155,USD,39524590,00009aaf5411066142838f62c9be4f8eafb6,N/A,CAN_TRACK,73ffef74-c4d9-4b5b-aa02-3aadfdf3be48,N/A,aHR0cHM6Ly93d3cudnJiby5jb20vSG90ZWwtU2VhcmNo,1.72137E+12,4,N/A,N/A
443943,Sarasota ‚ÄúExecutive Waterfront Suite‚Äù A  hotel rm # 103 on Sara Bay Marina,/443943?chkin=2024-12-01&chkout=2025-01-31&d1=2024-12-01&d2=2025-01-31&startDate=2024-12-01&endDate=2025-01-31&x_pwa=1&rfrr=HSR&pwa_ts=1721372160716&referrerUrl=aHR0cHM6Ly93d3cudnJiby5jb20vSG90ZWwtU2VhcmNo&useRewards=true&adults=2&regionId=6233839&destination=Southwest+Florida%2C+Florida%2C+United+States+of+America&destType=MARKET&neighborhoodId=553248635975874486&latLong=26.682838%2C-81.795225&privacyTrackingState=CAN_TRACK&searchId=73ffef74-c4d9-4b5b-aa02-3aadfdf3be48&sort=RECOMMENDED&top_dp=71&top_cur=USD&userIntent=&selectedRoomType=33506835&selectedRatePlan=00047990c373e16c4e7c87388553cf0fbeb8&expediaPropertyId=33506835&propertyName=Sarasota+%E2%80%9CExecutive+Waterfront+Suite%E2%80%9D+A++hotel+rm+%23+103+on+Sara+Bay+Marina,$78 ,"$4,634 ",26.682838,-81.795225,"26.682838,-81.795225",Premier Host,Excellent,124,12/1/24,1/31/25,6233839,"Southwest Florida, Florida, United States of America",71,USD,33506835,00047990c373e16c4e7c87388553cf0fbeb8,5.53249E+17,CAN_TRACK,73ffef74-c4d9-4b5b-aa02-3aadfdf3be48,N/A,aHR0cHM6Ly93d3cudnJiby5jb20vSG90ZWwtU2VhcmNo,1.72137E+12,2,N/A,N/A
2429467,1Bedroom‚úî1Bathroom‚úî Livingroom‚úî Beach Get Away‚úî Pool access‚úî Quite,/2429467?chkin=2024-12-01&chkout=2025-01-31&d1=2024-12-01&d2=2025-01-31&startDate=2024-12-01&endDate=2025-01-31&x_pwa=1&rfrr=HSR&pwa_ts=1721372160717&referrerUrl=aHR0cHM6Ly93d3cudnJiby5jb20vSG90ZWwtU2VhcmNo&useRewards=true&adults=2&regionId=6233839&destination=Southwest+Florida%2C+Florida%2C+United+States+of+America&destType=MARKET&latLong=26.682838%2C-81.795225&privacyTrackingState=CAN_TRACK&searchId=73ffef74-c4d9-4b5b-aa02-3aadfdf3be48&sort=RECOMMENDED&top_dp=66&top_cur=USD&userIntent=&selectedRoomType=70434724&selectedRatePlan=0004cf1b0b1f766a4a50ae6a4dcba45f5df9&expediaPropertyId=70434724&propertyName=1Bedroom%E2%9C%941Bathroom%E2%9C%94+Livingroom%E2%9C%94+Beach+Get+Away%E2%9C%94+Pool+access%E2%9C%94+Quite,$88 ,"$4,401 ",26.682838,-81.795225,"26.682838,-81.795225",9.2,Wonderful,40,12/1/24,1/31/25,6233839,"Southwest Florida, Florida, United States of America",66,USD,70434724,0004cf1b0b1f766a4a50ae6a4dcba45f5df9,N/A,CAN_TRACK,73ffef74-c4d9-4b5b-aa02-3aadfdf3be48,N/A,aHR0cHM6Ly93d3cudnJiby5jb20vSG90ZWwtU2VhcmNo,1.72137E+12,3,2,N/A
3641524,Luxurious bungalow in Longboat Key,/3641524?chkin=2024-12-01&chkout=2025-01-31&d1=2024-12-01&d2=2025-01-31&startDate=2024-12-01&endDate=2025-01-31&x_pwa=1&rfrr=HSR&pwa_ts=1721372160717&referrerUrl=aHR0cHM6Ly93d3cudnJiby5jb20vSG90ZWwtU2VhcmNo&useRewards=true&adults=2&regionId=6233839&destination=Southwest+Florida%2C+Florida%2C+United+States+of+America&destType=MARKET&latLong=26.682838%2C-81.795225&privacyTrackingState=CAN_TRACK&searchId=73ffef74-c4d9-4b5b-aa02-3aadfdf3be48&sort=RECOMMENDED&top_dp=249&top_cur=USD&userIntent=&selectedRoomType=99460098&selectedRatePlan=00041a996186340b4c45bdc4fa2498dce5c4&expediaPropertyId=99460098&propertyName=Luxurious+bungalow+in+Longboat+Key,$249 ,"$16,277 ",26.682838,-81.795225,"26.682838,-81.795225",10,Exceptional,15,12/1/24,1/31/25,6233839,"Southwest Florida, Florida, United States of America",249,USD,99460098,00041a996186340b4c45bdc4fa2498dce5c4,N/A,CAN_TRACK,73ffef74-c4d9-4b5b-aa02-3aadfdf3be48,N/A,aHR0cHM6Ly93d3cudnJiby5jb20vSG90ZWwtU2VhcmNo,1.72137E+12,3,N/A,N/A
46223,Spectacular Beachfront Living on Casey Key,/46223?chkin=2024-12-01&chkout=2025-01-31&d1=2024-12-01&d2=2025-01-31&startDate=2024-12-01&endDate=2025-01-31&x_pwa=1&rfrr=HSR&pwa_ts=1721372160718&referrerUrl=aHR0cHM6Ly93d3cudnJiby5jb20vSG90ZWwtU2VhcmNo&useRewards=true&adults=2&regionId=6233839&destination=Southwest+Florida%2C+Florida%2C+United+States+of+America&destType=MARKET&latLong=26.682838%2C-81.795225&privacyTrackingState=CAN_TRACK&searchId=73ffef74-c4d9-4b5b-aa02-3aadfdf3be48&sort=RECOMMENDED&top_dp=329&top_cur=USD&userIntent=&selectedRoomType=33959954&selectedRatePlan=000488bf7c14ff7f4a0a871f32bbc86c3a7a&expediaPropertyId=33959954&propertyName=Spectacular+Beachfront+Living+on+Casey+Key,$356 ,"$21,079 ",26.682838,-81.795225,"26.682838,-81.795225",10,Exceptional,117,12/1/24,1/31/25,6233839,"Southwest Florida, Florida, United States of America",329,USD,33959954,000488bf7c14ff7f4a0a871f32bbc86c3a7a,N/A,CAN_TRACK,73ffef74-c4d9-4b5b-aa02-3aadfdf3be48,N/A,aHR0cHM6Ly93d3cudnJiby5jb20vSG90ZWwtU2VhcmNo,1.72137E+12,2,N/A,N/A
2632810,"New to Market! Spacious Beach Retreat, Steps to Sugary Sand, Conveniences and Fun!",/2632810?chkin=2024-12-01&chkout=2025-01-31&d1=2024-12-01&d2=2025-01-31&startDate=2024-12-01&endDate=2025-01-31&x_pwa=1&rfrr=HSR&pwa_ts=1721372160719&referrerUrl=aHR0cHM6Ly93d3cudnJiby5jb20vSG90ZWwtU2VhcmNo&useRewards=true&adults=2&regionId=6233839&destination=Southwest+Florida%2C+Florida%2C+United+States+of+America&destType=MARKET&neighborhoodId=553248635976472049&latLong=26.682838%2C-81.795225&privacyTrackingState=CAN_TRACK&searchId=73ffef74-c4d9-4b5b-aa02-3aadfdf3be48&sort=RECOMMENDED&top_dp=209&top_cur=USD&userIntent=&selectedRoomType=74732157&selectedRatePlan=00047a236582dfea4228b5326bb8048436e5&expediaPropertyId=74732157&propertyName=New+to+Market%21+Spacious+Beach+Retreat%2C+Steps+to+Sugary+Sand%2C+Conveniences+and+Fun%21,$209 ,"$14,691 ",26.682838,-81.795225,"26.682838,-81.795225",8,Very Good,32,12/1/24,1/31/25,6233839,"Southwest Florida, Florida, United States of America",209,USD,74732157,00047a236582dfea4228b5326bb8048436e5,5.53249E+17,CAN_TRACK,73ffef74-c4d9-4b5b-aa02-3aadfdf3be48,N/A,aHR0cHM6Ly93d3cudnJiby5jb20vSG90ZWwtU2VhcmNo,1.72137E+12,6,2,2
2243665,Resort-Style Ground Floor Suite Heated Pool/Spa üê¢,/2243665?chkin=2024-12-01&chkout=2025-01-31&d1=2024-12-01&d2=2025-01-31&startDate=2024-12-01&endDate=2025-01-31&x_pwa=1&rfrr=HSR&pwa_ts=1721372160719&referrerUrl=aHR0cHM6Ly93d3cudnJiby5jb20vSG90ZWwtU2VhcmNo&useRewards=true&adults=2&regionId=6233839&destination=Southwest+Florida%2C+Florida%2C+United+States+of+America&destType=MARKET&latLong=26.682838%2C-81.795225&privacyTrackingState=CAN_TRACK&searchId=73ffef74-c4d9-4b5b-aa02-3aadfdf3be48&sort=RECOMMENDED&top_dp=353&top_cur=USD&userIntent=&selectedRoomType=65994030&selectedRatePlan=0004cdeb1d6e5baa4b2d916eed2a1b61d6c5&expediaPropertyId=65994030&propertyName=Resort-Style+Ground+Floor+Suite+Heated+Pool%2FSpa+%F0%9F%90%A2,$353 ,"$23,027 ",26.682838,-81.795225,"26.682838,-81.795225",9.8,Exceptional,49,12/1/24,1/31/25,6233839,"Southwest Florida, Florida, United States of America",353,USD,65994030,0004cdeb1d6e5baa4b2d916eed2a1b61d6c5,N/A,CAN_TRACK,73ffef74-c4d9-4b5b-aa02-3aadfdf3be48,N/A,aHR0cHM6Ly93d3cudnJiby5jb20vSG90ZWwtU2VhcmNo,1.72137E+12,2,N/A,N/A
7632003ha,"THE BEACH, condo #107, PRIVATE BEACH ",/7632003ha?chkin=2024-12-01&chkout=2025-01-31&d1=2024-12-01&d2=2025-01-31&startDate=2024-12-01&endDate=2025-01-31&x_pwa=1&rfrr=HSR&pwa_ts=1721372160719&referrerUrl=aHR0cHM6Ly93d3cudnJiby5jb20vSG90ZWwtU2VhcmNo&useRewards=true&adults=2&regionId=6233839&destination=Southwest+Florida%2C+Florida%2C+United+States+of+America&destType=MARKET&latLong=26.682838%2C-81.795225&privacyTrackingState=CAN_TRACK&searchId=73ffef74-c4d9-4b5b-aa02-3aadfdf3be48&sort=RECOMMENDED&top_dp=271&top_cur=USD&userIntent=&selectedRoomType=35541645&selectedRatePlan=0000a461719f54c945ecaf2b653be845b8c5&expediaPropertyId=35541645&propertyName=THE+BEACH%2C+condo+%23107%2C+PRIVATE+BEACH+,$277 ,"$17,490 ",26.682838,-81.795225,"26.682838,-81.795225",9.8,Exceptional,58,12/1/24,1/31/25,6233839,"Southwest Florida, Florida, United States of America",271,USD,35541645,0000a461719f54c945ecaf2b653be845b8c5,N/A,CAN_TRACK,73ffef74-c4d9-4b5b-aa02-3aadfdf3be48,N/A,aHR0cHM6Ly93d3cudnJiby5jb20vSG90ZWwtU2VhcmNo,1.72137E+12,4,N/A,N/A
514773,Panoramic Ocean View Apartment ,/514773?chkin=2024-12-01&chkout=2025-01-31&d1=2024-12-01&d2=2025-01-31&startDate=2024-12-01&endDate=2025-01-31&x_pwa=1&rfrr=HSR&pwa_ts=1721372160719&referrerUrl=aHR0cHM6Ly93d3cudnJiby5jb20vSG90ZWwtU2VhcmNo&useRewards=true&adults=2&regionId=6233839&destination=Southwest+Florida%2C+Florida%2C+United+States+of+America&destType=MARKET&latLong=26.682838%2C-81.795225&privacyTrackingState=CAN_TRACK&searchId=73ffef74-c4d9-4b5b-aa02-3aadfdf3be48&sort=RECOMMENDED&top_dp=306&top_cur=USD&userIntent=&selectedRoomType=34389500&selectedRatePlan=000414dab620a496435a9359661b64b17a64&expediaPropertyId=34389500&propertyName=Panoramic+Ocean+View+Apartment+,$340 ,"$20,263 ",26.682838,-81.795225,"26.682838,-81.795225",8.8,Excellent,82,12/1/24,1/31/25,6233839,"Southwest Florida, Florida, United States of America",306,USD,34389500,000414dab620a496435a9359661b64b17a64,N/A,CAN_TRACK,73ffef74-c4d9-4b5b-aa02-3aadfdf3be48,N/A,aHR0cHM6Ly93d3cudnJiby5jb20vSG90ZWwtU2VhcmNo,1.72137E+12,6,2,2
788159,Spanish Style Home With Private Pool,/788159?chkin=2024-12-01&chkout=2025-01-31&d1=2024-12-01&d2=2025-01-31&startDate=2024-12-01&endDate=2025-01-31&x_pwa=1&rfrr=HSR&pwa_ts=1721372160716&referrerUrl=aHR0cHM6Ly93d3cudnJiby5jb20vSG90ZWwtU2VhcmNo&useRewards=true&adults=2&regionId=6233839&destination=Southwest+Florida%2C+Florida%2C+United+States+of+America&destType=MARKET&latLong=26.682838%2C-81.795225&privacyTrackingState=CAN_TRACK&searchId=73ffef74-c4d9-4b5b-aa02-3aadfdf3be48&sort=RECOMMENDED&top_dp=190&top_cur=USD&userIntent=&selectedRoomType=29687880&selectedRatePlan=000436d787e9504e49c190132ca2f4608346&expediaPropertyId=29687880&propertyName=Spanish+Style+Home+With+Private+Pool,$200 ,"$12,643 ",26.682838,-81.795225,"26.682838,-81.795225",9.8,Exceptional,200,12/1/24,1/31/25,6233839,"Southwest Florida, Florida, United States of America",190,USD,29687880,000436d787e9504e49c190132ca2f4608346,N/A,CAN_TRACK,73ffef74-c4d9-4b5b-aa02-3aadfdf3be48,N/A,aHR0cHM6Ly93d3cudnJiby5jb20vSG90ZWwtU2VhcmNo,1.72137E+12,5,2,N/A
3161259,Babcock National Condo Golf Resort,/3161259?chkin=2024-11-01&chkout=2024-12-31&d1=2024-11-01&d2=2024-12-31&startDate=2024-11-01&endDate=2024-12-31&x_pwa=1&rfrr=HSR&pwa_ts=1721372286189&referrerUrl=aHR0cHM6Ly93d3cudnJiby5jb20vSG90ZWwtU2VhcmNo&useRewards=true&adults=2&destination=43111+Greenway+Blvd%2C+Punta+Gorda%2C+FL+33982%2C+USA&destType=ADDRESS&latLong=26.7948913%2C-81.7353078&privacyTrackingState=CAN_TRACK&searchId=ad9b221a-91ee-4fe8-b7e2-ca38cee5d4ac&sort=RECOMMENDED&top_dp=140&top_cur=USD&userIntent=&selectedRoomType=89988137&selectedRatePlan=0004f1a19f59a00f4c30ad979622ee1a71d3&expediaPropertyId=89988137&propertyName=Babcock+National+Condo+Golf+Resort,$140 ,"$9,338 ",26.7948913,-81.7353078,"26.7948913,-81.7353078",Premier Host,Exceptional,8,11/1/24,12/31/24,N/A,"43111 Greenway Blvd, Punta Gorda, FL 33982, USA",140,USD,89988137,0004f1a19f59a00f4c30ad979622ee1a71d3,N/A,CAN_TRACK,ad9b221a-91ee-4fe8-b7e2-ca38cee5d4ac,N/A,aHR0cHM6Ly93d3cudnJiby5jb20vSG90ZWwtU2VhcmNo,1.72137E+12,4,2,2
3223730,"613 Babcock Ranch, in Babcock National- chef's dream 2/2, sits on 10th hole",/3223730?chkin=2024-11-01&chkout=2024-12-31&d1=2024-11-01&d2=2024-12-31&startDate=2024-11-01&endDate=2024-12-31&x_pwa=1&rfrr=HSR&pwa_ts=1721372286189&referrerUrl=aHR0cHM6Ly93d3cudnJiby5jb20vSG90ZWwtU2VhcmNo&useRewards=true&adults=2&destination=43111+Greenway+Blvd%2C+Punta+Gorda%2C+FL+33982%2C+USA&destType=ADDRESS&latLong=26.7948913%2C-81.7353078&privacyTrackingState=CAN_TRACK&searchId=ad9b221a-91ee-4fe8-b7e2-ca38cee5d4ac&sort=RECOMMENDED&top_dp=213&top_cur=USD&userIntent=&selectedRoomType=90948770&selectedRatePlan=000485f35ea8cc2041588dcbe5865005868d&expediaPropertyId=90948770&propertyName=613+Babcock+Ranch%2C+in+Babcock+National-+chef%27s+dream+2%2F2%2C+sits+on+10th+hole,$213 ,"$14,145 ",26.7948913,-81.7353078,"26.7948913,-81.7353078",10,Exceptional,2,11/1/24,12/31/24,N/A,"43111 Greenway Blvd, Punta Gorda, FL 33982, USA",213,USD,90948770,000485f35ea8cc2041588dcbe5865005868d,N/A,CAN_TRACK,ad9b221a-91ee-4fe8-b7e2-ca38cee5d4ac,N/A,aHR0cHM6Ly93d3cudnJiby5jb20vSG90ZWwtU2VhcmNo,1.72137E+12,4,2,2
2162163,223 Babcock National Condo,/2162163?chkin=2024-11-01&chkout=2024-12-31&d1=2024-11-01&d2=2024-12-31&startDate=2024-11-01&endDate=2024-12-31&x_pwa=1&rfrr=HSR&pwa_ts=1721372286189&referrerUrl=aHR0cHM6Ly93d3cudnJiby5jb20vSG90ZWwtU2VhcmNo&useRewards=true&adults=2&destination=43111+Greenway+Blvd%2C+Punta+Gorda%2C+FL+33982%2C+USA&destType=ADDRESS&latLong=26.7948913%2C-81.7353078&privacyTrackingState=CAN_TRACK&searchId=ad9b221a-91ee-4fe8-b7e2-ca38cee5d4ac&sort=RECOMMENDED&top_dp=130&top_cur=USD&userIntent=&selectedRoomType=62959506&selectedRatePlan=000456f74e9f39254d4193ada471111ba22b&expediaPropertyId=62959506&propertyName=223+Babcock+National+Condo,$130 ,"$8,980 ",26.7948913,-81.7353078,"26.7948913,-81.7353078",10,Exceptional,1,11/1/24,12/31/24,N/A,"43111 Greenway Blvd, Punta Gorda, FL 33982, USA",130,USD,62959506,000456f74e9f39254d4193ada471111ba22b,N/A,CAN_TRACK,ad9b221a-91ee-4fe8-b7e2-ca38cee5d4ac,N/A,aHR0cHM6Ly93d3cudnJiby5jb20vSG90ZWwtU2VhcmNo,1.72137E+12,4,2,2
3254219,Estate Home in Babcock National Golf and Country Club - Incredible Home & Golf!,/3254219?chkin=2024-11-01&chkout=2024-12-31&d1=2024-11-01&d2=2024-12-31&startDate=2024-11-01&endDate=2024-12-31&x_pwa=1&rfrr=HSR&pwa_ts=1721372286188&referrerUrl=aHR0cHM6Ly93d3cudnJiby5jb20vSG90ZWwtU2VhcmNo&useRewards=true&adults=2&destination=43111+Greenway+Blvd%2C+Punta+Gorda%2C+FL+33982%2C+USA&destType=ADDRESS&latLong=26.7948913%2C-81.7353078&privacyTrackingState=CAN_TRACK&searchId=ad9b221a-91ee-4fe8-b7e2-ca38cee5d4ac&sort=RECOMMENDED&top_dp=300&top_cur=USD&userIntent=&selectedRoomType=91306363&selectedRatePlan=00045e8fba990bd64b9180bbdb19abc0385c&expediaPropertyId=91306363&propertyName=Estate+Home+in+Babcock+National+Golf+and+Country+Club+-+Incredible+Home+%26+Golf%21,$300 ,"$19,698 ",26.7948913,-81.7353078,"26.7948913,-81.7353078",N/A,N/A,N/A,11/1/24,12/31/24,N/A,"43111 Greenway Blvd, Punta Gorda, FL 33982, USA",300,USD,91306363,00045e8fba990bd64b9180bbdb19abc0385c,N/A,CAN_TRACK,ad9b221a-91ee-4fe8-b7e2-ca38cee5d4ac,N/A,aHR0cHM6Ly93d3cudnJiby5jb20vSG90ZWwtU2VhcmNo,1.72137E+12,8,3,3
2564934,Lake View 2 Bedroom Condo Includes Golf!,/2564934?chkin=2024-11-01&chkout=2024-12-31&d1=2024-11-01&d2=2024-12-31&startDate=2024-11-01&endDate=2024-12-31&x_pwa=1&rfrr=HSR&pwa_ts=1721372286188&referrerUrl=aHR0cHM6Ly93d3cudnJiby5jb20vSG90ZWwtU2VhcmNo&useRewards=true&adults=2&destination=43111+Greenway+Blvd%2C+Punta+Gorda%2C+FL+33982%2C+USA&destType=ADDRESS&latLong=26.7948913%2C-81.7353078&privacyTrackingState=CAN_TRACK&searchId=ad9b221a-91ee-4fe8-b7e2-ca38cee5d4ac&sort=RECOMMENDED&top_dp=168&top_cur=USD&userIntent=&selectedRoomType=73346047&selectedRatePlan=00049676190b6fc0473b9033a2d1c0c08b88&expediaPropertyId=73346047&propertyName=Lake+View+2+Bedroom+Condo+Includes+Golf%21,$168 ,"$11,092 ",26.7948913,-81.7353078,"26.7948913,-81.7353078",10,Exceptional,6,11/1/24,12/31/24,N/A,"43111 Greenway Blvd, Punta Gorda, FL 33982, USA",168,USD,73346047,00049676190b6fc0473b9033a2d1c0c08b88,N/A,CAN_TRACK,ad9b221a-91ee-4fe8-b7e2-ca38cee5d4ac,N/A,aHR0cHM6Ly93d3cudnJiby5jb20vSG90ZWwtU2VhcmNo,1.72137E+12,6,2,N/A
2686379,Country Quiet Yet Close to Everything !,/2686379?chkin=2024-11-01&chkout=2024-12-31&d1=2024-11-01&d2=2024-12-31&startDate=2024-11-01&endDate=2024-12-31&x_pwa=1&rfrr=HSR&pwa_ts=1721372286189&referrerUrl=aHR0cHM6Ly93d3cudnJiby5jb20vSG90ZWwtU2VhcmNo&useRewards=true&adults=2&destination=43111+Greenway+Blvd%2C+Punta+Gorda%2C+FL+33982%2C+USA&destType=ADDRESS&latLong=26.7948913%2C-81.7353078&privacyTrackingState=CAN_TRACK&searchId=ad9b221a-91ee-4fe8-b7e2-ca38cee5d4ac&sort=RECOMMENDED&top_dp=77&top_cur=USD&userIntent=&selectedRoomType=76025820&selectedRatePlan=000498c8f2a33f1a4833a183d92a18e4f0a6&expediaPropertyId=76025820&propertyName=Country+Quiet+Yet+Close+to+Everything+%21,$91 ,"$5,133 ",26.7948913,-81.7353078,"26.7948913,-81.7353078",10,Exceptional,16,11/1/24,12/31/24,N/A,"43111 Greenway Blvd, Punta Gorda, FL 33982, USA",77,USD,76025820,000498c8f2a33f1a4833a183d92a18e4f0a6,N/A,CAN_TRACK,ad9b221a-91ee-4fe8-b7e2-ca38cee5d4ac,N/A,aHR0cHM6Ly93d3cudnJiby5jb20vSG90ZWwtU2VhcmNo,1.72137E+12,4,2,N/A
2508220,Spacious 2/2 Golf Condo in Babcock National Golf and Country Club,/2508220?chkin=2024-11-01&chkout=2024-12-31&d1=2024-11-01&d2=2024-12-31&startDate=2024-11-01&endDate=2024-12-31&x_pwa=1&rfrr=HSR&pwa_ts=1721372286188&referrerUrl=aHR0cHM6Ly93d3cudnJiby5jb20vSG90ZWwtU2VhcmNo&useRewards=true&adults=2&destination=43111+Greenway+Blvd%2C+Punta+Gorda%2C+FL+33982%2C+USA&destType=ADDRESS&latLong=26.7948913%2C-81.7353078&privacyTrackingState=CAN_TRACK&searchId=ad9b221a-91ee-4fe8-b7e2-ca38cee5d4ac&sort=RECOMMENDED&top_dp=185&top_cur=USD&userIntent=&selectedRoomType=71944981&selectedRatePlan=00045747c6f4598f4e77ad7305470cf3629d&expediaPropertyId=71944981&propertyName=Spacious+2%2F2+Golf+Condo+in+Babcock+National+Golf+and+Country+Club,$185 ,"$12,052 ",26.7948913,-81.7353078,"26.7948913,-81.7353078",7.4,Good,3,11/1/24,12/31/24,N/A,"43111 Greenway Blvd, Punta Gorda, FL 33982, USA",185,USD,71944981,00045747c6f4598f4e77ad7305470cf3629d,N/A,CAN_TRACK,ad9b221a-91ee-4fe8-b7e2-ca38cee5d4ac,N/A,aHR0cHM6Ly93d3cudnJiby5jb20vSG90ZWwtU2VhcmNo,1.72137E+12,4,2,2
2279426,228 Babcock National Condo,/2279426?chkin=2024-11-01&chkout=2024-12-31&d1=2024-11-01&d2=2024-12-31&startDate=2024-11-01&endDate=2024-12-31&x_pwa=1&rfrr=HSR&pwa_ts=1721372286190&referrerUrl=aHR0cHM6Ly93d3cudnJiby5jb20vSG90ZWwtU2VhcmNo&useRewards=true&adults=2&destination=43111+Greenway+Blvd%2C+Punta+Gorda%2C+FL+33982%2C+USA&destType=ADDRESS&latLong=26.7948913%2C-81.7353078&privacyTrackingState=CAN_TRACK&searchId=ad9b221a-91ee-4fe8-b7e2-ca38cee5d4ac&sort=RECOMMENDED&top_dp=136&top_cur=USD&userIntent=&selectedRoomType=66822665&selectedRatePlan=0004145639d02f9f40e48025304c94a4522e&expediaPropertyId=66822665&propertyName=228+Babcock+National+Condo,$136 ,"$9,354 ",26.7948913,-81.7353078,"26.7948913,-81.7353078",N/A,N/A,N/A,11/1/24,12/31/24,N/A,"43111 Greenway Blvd, Punta Gorda, FL 33982, USA",136,USD,66822665,0004145639d02f9f40e48025304c94a4522e,N/A,CAN_TRACK,ad9b221a-91ee-4fe8-b7e2-ca38cee5d4ac,N/A,aHR0cHM6Ly93d3cudnJiby5jb20vSG90ZWwtU2VhcmNo,1.72137E+12,6,3,2
3580406,Babcock National Condo Golf Resort Top Floor,/3580406?chkin=2024-11-01&chkout=2024-12-31&d1=2024-11-01&d2=2024-12-31&startDate=2024-11-01&endDate=2024-12-31&x_pwa=1&rfrr=HSR&pwa_ts=1721372286192&referrerUrl=aHR0cHM6Ly93d3cudnJiby5jb20vSG90ZWwtU2VhcmNo&useRewards=true&adults=2&destination=43111+Greenway+Blvd%2C+Punta+Gorda%2C+FL+33982%2C+USA&destType=ADDRESS&latLong=26.7948913%2C-81.7353078&privacyTrackingState=CAN_TRACK&searchId=ad9b221a-91ee-4fe8-b7e2-ca38cee5d4ac&sort=RECOMMENDED&top_dp=190&top_cur=USD&userIntent=&selectedRoomType=96975916&selectedRatePlan=0004b14d161f1d1f424fa65f116e250476f7&expediaPropertyId=96975916&propertyName=Babcock+National+Condo+Golf+Resort+Top+Floor,$190 ,"$12,562 ",26.7948913,-81.7353078,"26.7948913,-81.7353078",10,Exceptional,1,11/1/24,12/31/24,N/A,"43111 Greenway Blvd, Punta Gorda, FL 33982, USA",190,USD,96975916,0004b14d161f1d1f424fa65f116e250476f7,N/A,CAN_TRACK,ad9b221a-91ee-4fe8-b7e2-ca38cee5d4ac,N/A,aHR0cHM6Ly93d3cudnJiby5jb20vSG90ZWwtU2VhcmNo,1.72137E+12,4,2,2
3718332,1823 Babcock Ranch National Condo- ALL THE AMENITIES YOU CAN EVER WANT,/3718332?chkin=2024-11-01&chkout=2024-12-31&d1=2024-11-01&d2=2024-12-31&startDate=2024-11-01&endDate=2024-12-31&x_pwa=1&rfrr=HSR&pwa_ts=1721372286189&referrerUrl=aHR0cHM6Ly93d3cudnJiby5jb20vSG90ZWwtU2VhcmNo&useRewards=true&adults=2&destination=43111+Greenway+Blvd%2C+Punta+Gorda%2C+FL+33982%2C+USA&destType=ADDRESS&latLong=26.7948913%2C-81.7353078&privacyTrackingState=CAN_TRACK&searchId=ad9b221a-91ee-4fe8-b7e2-ca38cee5d4ac&sort=RECOMMENDED&top_dp=145&top_cur=USD&userIntent=&selectedRoomType=100467508&selectedRatePlan=00040482947b31b64a9c87a4155ef96e3aa9&expediaPropertyId=100467508&propertyName=1823+Babcock+Ranch+National+Condo-+ALL+THE+AMENITIES+YOU+CAN+EVER+WANT,$145 ,"$9,794 ",26.7948913,-81.7353078,"26.7948913,-81.7353078",10,Exceptional,2,11/1/24,12/31/24,N/A,"43111 Greenway Blvd, Punta Gorda, FL 33982, USA",145,USD,100467508,00040482947b31b64a9c87a4155ef96e3aa9,N/A,CAN_TRACK,ad9b221a-91ee-4fe8-b7e2-ca38cee5d4ac,N/A,aHR0cHM6Ly93d3cudnJiby5jb20vSG90ZWwtU2VhcmNo,1.72137E+12,4,2,2
2394395,Naples' Stylish Unit w/ Shuttle to the Beach and Outdoor Pool | Free Parking,/2394395?chkin=2025-01-31&chkout=2025-02-01&d1=2025-01-31&d2=2025-02-01&startDate=2025-01-31&endDate=2025-02-01&x_pwa=1&rfrr=HSR&pwa_ts=1721372571463&referrerUrl=aHR0cHM6Ly93d3cudnJiby5jb20vSG90ZWwtU2VhcmNo&useRewards=true&adults=2&regionId=602724&destination=Naples%2C+Florida%2C+United+States+of+America&destType=MARKET&neighborhoodId=6337315&latLong=26.141261%2C-81.794586&privacyTrackingState=CAN_TRACK&searchId=08c6302d-4f9b-4ce7-96e4-364595933872&sort=RECOMMENDED&top_dp=362&top_cur=USD&userIntent=&selectedRoomType=69761241&selectedRatePlan=00042dee1521a38e49018a566a208a5644c6&expediaPropertyId=69761241&propertyName=Naples%27+Stylish+Unit+w%2F+Shuttle+to+the+Beach+and+Outdoor+Pool+%7C+Free+Parking,$362 ,$403 ,26.141261,-81.794586,"26.141261,-81.794586",10,Exceptional,5,1/31/25,2/1/25,602724,"Naples, Florida, United States of America",362,USD,69761241,00042dee1521a38e49018a566a208a5644c6,6337315,CAN_TRACK,08c6302d-4f9b-4ce7-96e4-364595933872,N/A,aHR0cHM6Ly93d3cudnJiby5jb20vSG90ZWwtU2VhcmNo,1.72137E+12,2,N/A,N/A
432668,"BEST LOCATION IN Naples! 300 steps to white sand beaches. All new!!!
",/432668?chkin=2025-01-31&chkout=2025-02-01&d1=2025-01-31&d2=2025-02-01&startDate=2025-01-31&endDate=2025-02-01&x_pwa=1&rfrr=HSR&pwa_ts=1721372571463&referrerUrl=aHR0cHM6Ly93d3cudnJiby5jb20vSG90ZWwtU2VhcmNo&useRewards=true&adults=2&regionId=602724&destination=Naples%2C+Florida%2C+United+States+of+America&destType=MARKET&neighborhoodId=6337317&latLong=26.141261%2C-81.794586&privacyTrackingState=CAN_TRACK&searchId=08c6302d-4f9b-4ce7-96e4-364595933872&sort=RECOMMENDED&top_dp=515&top_cur=USD&userIntent=&selectedRoomType=19824651&selectedRatePlan=00040499dc39036048308abbff7f54277eb0&expediaPropertyId=19824651&propertyName=BEST+LOCATION+IN+Naples%21+300+steps+to+white+sand+beaches.+All+new%21%21%21%0A,$515 ,$835 ,26.141261,-81.794586,"26.141261,-81.794586",Premier Host,Exceptional,159,1/31/25,2/1/25,602724,"Naples, Florida, United States of America",515,USD,19824651,00040499dc39036048308abbff7f54277eb0,6337317,CAN_TRACK,08c6302d-4f9b-4ce7-96e4-364595933872,N/A,aHR0cHM6Ly93d3cudnJiby5jb20vSG90ZWwtU2VhcmNo,1.72137E+12,4,2,2
3954951,2BD Cozy Naples Home by the water ,/3954951?chkin=2025-01-31&chkout=2025-02-01&d1=2025-01-31&d2=2025-02-01&startDate=2025-01-31&endDate=2025-02-01&x_pwa=1&rfrr=HSR&pwa_ts=1721372571463&referrerUrl=aHR0cHM6Ly93d3cudnJiby5jb20vSG90ZWwtU2VhcmNo&useRewards=true&adults=2&regionId=602724&destination=Naples%2C+Florida%2C+United+States+of+America&destType=MARKET&latLong=26.141261%2C-81.794586&privacyTrackingState=CAN_TRACK&searchId=08c6302d-4f9b-4ce7-96e4-364595933872&sort=RECOMMENDED&top_dp=484&top_cur=USD&userIntent=&selectedRoomType=104078945&selectedRatePlan=0004053766ee49f341dfaff0e31c44a80eb9&expediaPropertyId=104078945&propertyName=2BD+Cozy+Naples+Home+by+the+water+,$484 ,$716 ,26.141261,-81.794586,"26.141261,-81.794586",N/A,N/A,N/A,1/31/25,2/1/25,602724,"Naples, Florida, United States of America",484,USD,104078945,0004053766ee49f341dfaff0e31c44a80eb9,N/A,CAN_TRACK,08c6302d-4f9b-4ce7-96e4-364595933872,N/A,aHR0cHM6Ly93d3cudnJiby5jb20vSG90ZWwtU2VhcmNo,1.72137E+12,7,2,2
3316012,Sea Gem 803,/3316012?chkin=2025-01-31&chkout=2025-02-01&d1=2025-01-31&d2=2025-02-01&startDate=2025-01-31&endDate=2025-02-01&x_pwa=1&rfrr=HSR&pwa_ts=1721372571462&referrerUrl=aHR0cHM6Ly93d3cudnJiby5jb20vSG90ZWwtU2VhcmNo&useRewards=true&adults=2&regionId=602724&destination=Naples%2C+Florida%2C+United+States+of+America&destType=MARKET&neighborhoodId=6337317&latLong=26.141261%2C-81.794586&privacyTrackingState=CAN_TRACK&searchId=08c6302d-4f9b-4ce7-96e4-364595933872&sort=RECOMMENDED&top_dp=378&top_cur=USD&userIntent=&selectedRoomType=92175951&selectedRatePlan=0004aa8e2bac9d2d4ea5a63092a5a4b26991&expediaPropertyId=92175951&propertyName=Sea+Gem+803,$378 ,$653 ,26.141261,-81.794586,"26.141261,-81.794586",8,Very Good,2,1/31/25,2/1/25,602724,"Naples, Florida, United States of America",378,USD,92175951,0004aa8e2bac9d2d4ea5a63092a5a4b26991,6337317,CAN_TRACK,08c6302d-4f9b-4ce7-96e4-364595933872,N/A,aHR0cHM6Ly93d3cudnJiby5jb20vSG90ZWwtU2VhcmNo,1.72137E+12,6,2,N/A
2394398,Sophisticated Suite with Shuttle to Clam Pass Beach | Outdoor Pool,/2394398?chkin=2025-01-31&chkout=2025-02-01&d1=2025-01-31&d2=2025-02-01&startDate=2025-01-31&endDate=2025-02-01&x_pwa=1&rfrr=HSR&pwa_ts=1721372571462&referrerUrl=aHR0cHM6Ly93d3cudnJiby5jb20vSG90ZWwtU2VhcmNo&useRewards=true&adults=2&regionId=602724&destination=Naples%2C+Florida%2C+United+States+of+America&destType=MARKET&neighborhoodId=6337315&latLong=26.141261%2C-81.794586&privacyTrackingState=CAN_TRACK&searchId=08c6302d-4f9b-4ce7-96e4-364595933872&sort=RECOMMENDED&top_dp=362&top_cur=USD&userIntent=&selectedRoomType=69761249&selectedRatePlan=0004b0d87dfaf6df4265871723552a646598&expediaPropertyId=69761249&propertyName=Sophisticated+Suite+with+Shuttle+to+Clam+Pass+Beach+%7C+Outdoor+Pool,$362 ,$403 ,26.141261,-81.794586,"26.141261,-81.794586",10,Exceptional,1,1/31/25,2/1/25,602724,"Naples, Florida, United States of America",362,USD,69761249,0004b0d87dfaf6df4265871723552a646598,6337315,CAN_TRACK,08c6302d-4f9b-4ce7-96e4-364595933872,N/A,aHR0cHM6Ly93d3cudnJiby5jb20vSG90ZWwtU2VhcmNo,1.72137E+12,4,N/A,N/A
3578822,"The Moorings, 4 bed Villa with private pool in upscale Naples neighbourhood.
",/3578822?chkin=2025-01-31&chkout=2025-02-01&d1=2025-01-31&d2=2025-02-01&startDate=2025-01-31&endDate=2025-02-01&x_pwa=1&rfrr=HSR&pwa_ts=1721372571462&referrerUrl=aHR0cHM6Ly93d3cudnJiby5jb20vSG90ZWwtU2VhcmNo&useRewards=true&adults=2&regionId=602724&destination=Naples%2C+Florida%2C+United+States+of+America&destType=MARKET&neighborhoodId=6337316&latLong=26.141261%2C-81.794586&privacyTrackingState=CAN_TRACK&searchId=08c6302d-4f9b-4ce7-96e4-364595933872&sort=RECOMMENDED&top_dp=700&top_cur=USD&userIntent=&selectedRoomType=96962730&selectedRatePlan=0004bae85a3dd87f45949c2609b388e2eb6d&expediaPropertyId=96962730&propertyName=The+Moorings%2C+4+bed+Villa+with+private+pool+in+upscale+Naples+neighbourhood.%0A,$700 ,"$1,191 ",26.141261,-81.794586,"26.141261,-81.794586",9,Wonderful,6,1/31/25,2/1/25,602724,"Naples, Florida, United States of America",700,USD,96962730,0004bae85a3dd87f45949c2609b388e2eb6d,6337316,CAN_TRACK,08c6302d-4f9b-4ce7-96e4-364595933872,N/A,aHR0cHM6Ly93d3cudnJiby5jb20vSG90ZWwtU2VhcmNo,1.72137E+12,6,4,2+
3314040,Hidden Gem,/3314040?chkin=2025-01-31&chkout=2025-02-01&d1=2025-01-31&d2=2025-02-01&startDate=2025-01-31&endDate=2025-02-01&x_pwa=1&rfrr=HSR&pwa_ts=1721372571462&referrerUrl=aHR0cHM6Ly93d3cudnJiby5jb20vSG90ZWwtU2VhcmNo&useRewards=true&adults=2&regionId=602724&destination=Naples%2C+Florida%2C+United+States+of+America&destType=MARKET&neighborhoodId=6337317&latLong=26.141261%2C-81.794586&privacyTrackingState=CAN_TRACK&searchId=08c6302d-4f9b-4ce7-96e4-364595933872&sort=RECOMMENDED&top_dp=350&top_cur=USD&userIntent=&selectedRoomType=92149934&selectedRatePlan=0004293c7699e5bd49b1b2b0c40da313c58a&expediaPropertyId=92149934&propertyName=Hidden+Gem,$350 ,$622 ,26.141261,-81.794586,"26.141261,-81.794586",8.8,Excellent,6,1/31/25,2/1/25,602724,"Naples, Florida, United States of America",350,USD,92149934,0004293c7699e5bd49b1b2b0c40da313c58a,6337317,CAN_TRACK,08c6302d-4f9b-4ce7-96e4-364595933872,N/A,aHR0cHM6Ly93d3cudnJiby5jb20vSG90ZWwtU2VhcmNo,1.72137E+12,6,2,N/A
3314968,Coastal Paradise,/3314968?chkin=2025-01-31&chkout=2025-02-01&d1=2025-01-31&d2=2025-02-01&startDate=2025-01-31&endDate=2025-02-01&x_pwa=1&rfrr=HSR&pwa_ts=1721372571465&referrerUrl=aHR0cHM6Ly93d3cudnJiby5jb20vSG90ZWwtU2VhcmNo&useRewards=true&adults=2&regionId=602724&destination=Naples%2C+Florida%2C+United+States+of+America&destType=MARKET&neighborhoodId=6337317&latLong=26.141261%2C-81.794586&privacyTrackingState=CAN_TRACK&searchId=08c6302d-4f9b-4ce7-96e4-364595933872&sort=RECOMMENDED&top_dp=290&top_cur=USD&userIntent=&selectedRoomType=92156022&selectedRatePlan=0004238fbcf59ffa48d1b2675bd9f5047e9e&expediaPropertyId=92156022&propertyName=Coastal+Paradise,$290 ,$552 ,26.141261,-81.794586,"26.141261,-81.794586",8,Very Good,2,1/31/25,2/1/25,602724,"Naples, Florida, United States of America",290,USD,92156022,0004238fbcf59ffa48d1b2675bd9f5047e9e,6337317,CAN_TRACK,08c6302d-4f9b-4ce7-96e4-364595933872,N/A,aHR0cHM6Ly93d3cudnJiby5jb20vSG90ZWwtU2VhcmNo,1.72137E+12,6,2,N/A
3315516,Sandy Waves,/3315516?chkin=2025-01-31&chkout=2025-02-01&d1=2025-01-31&d2=2025-02-01&startDate=2025-01-31&endDate=2025-02-01&x_pwa=1&rfrr=HSR&pwa_ts=1721372571465&referrerUrl=aHR0cHM6Ly93d3cudnJiby5jb20vSG90ZWwtU2VhcmNo&useRewards=true&adults=2&regionId=602724&destination=Naples%2C+Florida%2C+United+States+of+America&destType=MARKET&neighborhoodId=6337317&latLong=26.141261%2C-81.794586&privacyTrackingState=CAN_TRACK&searchId=08c6302d-4f9b-4ce7-96e4-364595933872&sort=RECOMMENDED&top_dp=290&top_cur=USD&userIntent=&selectedRoomType=92168641&selectedRatePlan=0004b8afc379b0d142e9af5c40f35ad62fa6&expediaPropertyId=92168641&propertyName=Sandy+Waves,$290 ,$552 ,26.141261,-81.794586,"26.141261,-81.794586",N/A,N/A,N/A,1/31/25,2/1/25,602724,"Naples, Florida, United States of America",290,USD,92168641,0004b8afc379b0d142e9af5c40f35ad62fa6,6337317,CAN_TRACK,08c6302d-4f9b-4ce7-96e4-364595933872,N/A,aHR0cHM6Ly93d3cudnJiby5jb20vSG90ZWwtU2VhcmNo,1.72137E+12,6,2,N/A
3316113,Downtown Starfish,/3316113?chkin=2025-01-31&chkout=2025-02-01&d1=2025-01-31&d2=2025-02-01&startDate=2025-01-31&endDate=2025-02-01&x_pwa=1&rfrr=HSR&pwa_ts=1721372571462&referrerUrl=aHR0cHM6Ly93d3cudnJiby5jb20vSG90ZWwtU2VhcmNo&useRewards=true&adults=2&regionId=602724&destination=Naples%2C+Florida%2C+United+States+of+America&destType=MARKET&neighborhoodId=6337317&latLong=26.141261%2C-81.794586&privacyTrackingState=CAN_TRACK&searchId=08c6302d-4f9b-4ce7-96e4-364595933872&sort=RECOMMENDED&top_dp=350&top_cur=USD&userIntent=&selectedRoomType=92177417&selectedRatePlan=00046736c238779943c8a049c3eba55a21a0&expediaPropertyId=92177417&propertyName=Downtown+Starfish,$350 ,$622 ,26.141261,-81.794586,"26.141261,-81.794586",9.6,Exceptional,4,1/31/25,2/1/25,602724,"Naples, Florida, United States of America",350,USD,92177417,00046736c238779943c8a049c3eba55a21a0,6337317,CAN_TRACK,08c6302d-4f9b-4ce7-96e4-364595933872,N/A,aHR0cHM6Ly93d3cudnJiby5jb20vSG90ZWwtU2VhcmNo,1.72137E+12,6,2,N/A
1383975,The Florida sun and UNIQUE PRICES are waiting for you! Book quickly now!,/1383975?chkin=2024-12-01&chkout=2025-01-31&d1=2024-12-01&d2=2025-01-31&startDate=2024-12-01&endDate=2025-01-31&x_pwa=1&rfrr=HSR&pwa_ts=1721372595710&referrerUrl=aHR0cHM6Ly93d3cudnJiby5jb20vSG90ZWwtU2VhcmNo&useRewards=true&adults=2&regionId=602729&destination=Fort+Myers%2C+Florida%2C+United+States+of+America&destType=MARKET&neighborhoodId=553248635976481742&latLong=26.640629%2C-81.872307&privacyTrackingState=CAN_TRACK&searchId=5b9fd6ea-79b4-47ec-95d8-c09e4f04f84e&sort=RECOMMENDED&top_dp=126&top_cur=USD&userIntent=&selectedRoomType=27288636&selectedRatePlan=0004db7f54a8a1ae4020b46f0a1da781d911&expediaPropertyId=27288636&propertyName=The+Florida+sun+and+UNIQUE+PRICES+are+waiting+for+you%21+Book+quickly+now%21,$126 ,"$8,254 ",26.640629,-81.872307,"26.640629,-81.872307",Premier Host,Exceptional,29,12/1/24,1/31/25,602729,"Fort Myers, Florida, United States of America",126,USD,27288636,0004db7f54a8a1ae4020b46f0a1da781d911,5.53249E+17,CAN_TRACK,5b9fd6ea-79b4-47ec-95d8-c09e4f04f84e,N/A,aHR0cHM6Ly93d3cudnJiby5jb20vSG90ZWwtU2VhcmNo,1.72137E+12,3,N/A,N/A
1577572,"Charming Paseo Casita with 2Bed + Loft, 2.5 Bath in Award Winning Resort",/1577572?chkin=2024-12-01&chkout=2025-01-31&d1=2024-12-01&d2=2025-01-31&startDate=2024-12-01&endDate=2025-01-31&x_pwa=1&rfrr=HSR&pwa_ts=1721372595709&referrerUrl=aHR0cHM6Ly93d3cudnJiby5jb20vSG90ZWwtU2VhcmNo&useRewards=true&adults=2&regionId=602729&destination=Fort+Myers%2C+Florida%2C+United+States+of+America&destType=MARKET&neighborhoodId=893792298559709184&latLong=26.640629%2C-81.872307&privacyTrackingState=CAN_TRACK&searchId=5b9fd6ea-79b4-47ec-95d8-c09e4f04f84e&sort=RECOMMENDED&top_dp=175&top_cur=USD&userIntent=&selectedRoomType=35079355&selectedRatePlan=0004c274db59161944bea83e130f3fbf2696&expediaPropertyId=35079355&propertyName=Charming+Paseo+Casita+with+2Bed+%2B+Loft%2C+2.5+Bath+in+Award+Winning+Resort,$175 ,"$11,848 ",26.640629,-81.872307,"26.640629,-81.872307",9.8,Exceptional,9,12/1/24,1/31/25,602729,"Fort Myers, Florida, United States of America",175,USD,35079355,0004c274db59161944bea83e130f3fbf2696,8.93792E+17,CAN_TRACK,5b9fd6ea-79b4-47ec-95d8-c09e4f04f84e,N/A,aHR0cHM6Ly93d3cudnJiby5jb20vSG90ZWwtU2VhcmNo,1.72137E+12,5,3,2+
1383430,The Florida sun and UNIQUE PRICES are waiting for you! Book quickly now!,/1383430?chkin=2024-12-01&chkout=2025-01-31&d1=2024-12-01&d2=2025-01-31&startDate=2024-12-01&endDate=2025-01-31&x_pwa=1&rfrr=HSR&pwa_ts=1721372595709&referrerUrl=aHR0cHM6Ly93d3cudnJiby5jb20vSG90ZWwtU2VhcmNo&useRewards=true&adults=2&regionId=602729&destination=Fort+Myers%2C+Florida%2C+United+States+of+America&destType=MARKET&neighborhoodId=553248635976481742&latLong=26.640629%2C-81.872307&privacyTrackingState=CAN_TRACK&searchId=5b9fd6ea-79b4-47ec-95d8-c09e4f04f84e&sort=RECOMMENDED&top_dp=100&top_cur=USD&userIntent=&selectedRoomType=27263817&selectedRatePlan=000465419d559e264b47ad7fd1bd6d6f1d54&expediaPropertyId=27263817&propertyName=The+Florida+sun+and+UNIQUE+PRICES+are+waiting+for+you%21+Book+quickly+now%21,$100 ,"$6,627 ",26.640629,-81.872307,"26.640629,-81.872307",Premier Host,Wonderful,32,12/1/24,1/31/25,602729,"Fort Myers, Florida, United States of America",100,USD,27263817,000465419d559e264b47ad7fd1bd6d6f1d54,5.53249E+17,CAN_TRACK,5b9fd6ea-79b4-47ec-95d8-c09e4f04f84e,N/A,aHR0cHM6Ly93d3cudnJiby5jb20vSG90ZWwtU2VhcmNo,1.72137E+12,3,N/A,N/A
3619167,NEW LISTING! Amazing 3BR/2.5 Bath Luxury Townhome in Award Winning Paseo Resort,/3619167?chkin=2024-12-01&chkout=2025-01-31&d1=2024-12-01&d2=2025-01-31&startDate=2024-12-01&endDate=2025-01-31&x_pwa=1&rfrr=HSR&pwa_ts=1721372595710&referrerUrl=aHR0cHM6Ly93d3cudnJiby5jb20vSG90ZWwtU2VhcmNo&useRewards=true&adults=2&regionId=602729&destination=Fort+Myers%2C+Florida%2C+United+States+of+America&destType=MARKET&neighborhoodId=893792298559709184&latLong=26.640629%2C-81.872307&privacyTrackingState=CAN_TRACK&searchId=5b9fd6ea-79b4-47ec-95d8-c09e4f04f84e&sort=RECOMMENDED&top_dp=200&top_cur=USD&userIntent=&selectedRoomType=98992172&selectedRatePlan=0004d92112cffaf84bc09f02faadcca52c5c&expediaPropertyId=98992172&propertyName=NEW+LISTING%21+Amazing+3BR%2F2.5+Bath+Luxury+Townhome+in+Award+Winning+Paseo+Resort,$200 ,"$13,231 ",26.640629,-81.872307,"26.640629,-81.872307",10,Exceptional,1,12/1/24,1/31/25,602729,"Fort Myers, Florida, United States of America",200,USD,98992172,0004d92112cffaf84bc09f02faadcca52c5c,8.93792E+17,CAN_TRACK,5b9fd6ea-79b4-47ec-95d8-c09e4f04f84e,N/A,aHR0cHM6Ly93d3cudnJiby5jb20vSG90ZWwtU2VhcmNo,1.72137E+12,8,3,2+
3140964,The Coastal Home- Center of Fort Myers,/3140964?chkin=2024-12-01&chkout=2025-01-31&d1=2024-12-01&d2=2025-01-31&startDate=2024-12-01&endDate=2025-01-31&x_pwa=1&rfrr=HSR&pwa_ts=1721372595710&referrerUrl=aHR0cHM6Ly93d3cudnJiby5jb20vSG90ZWwtU2VhcmNo&useRewards=true&adults=2&regionId=602729&destination=Fort+Myers%2C+Florida%2C+United+States+of+America&destType=MARKET&neighborhoodId=553248635976478758&latLong=26.640629%2C-81.872307&privacyTrackingState=CAN_TRACK&searchId=5b9fd6ea-79b4-47ec-95d8-c09e4f04f84e&sort=RECOMMENDED&top_dp=268&top_cur=USD&userIntent=&selectedRoomType=89691871&selectedRatePlan=00042213bc2060cc4cca9af928b32e4bf4cc&expediaPropertyId=89691871&propertyName=The+Coastal+Home-+Center+of+Fort+Myers,$268 ,"$17,283 ",26.640629,-81.872307,"26.640629,-81.872307",9.2,Wonderful,7,12/1/24,1/31/25,602729,"Fort Myers, Florida, United States of America",268,USD,89691871,00042213bc2060cc4cca9af928b32e4bf4cc,5.53249E+17,CAN_TRACK,5b9fd6ea-79b4-47ec-95d8-c09e4f04f84e,N/A,aHR0cHM6Ly93d3cudnJiby5jb20vSG90ZWwtU2VhcmNo,1.72137E+12,6,3,2+
1383390,"It is time for sun, fun and GREAT DEALS NOW!",/1383390?chkin=2024-12-01&chkout=2025-01-31&d1=2024-12-01&d2=2025-01-31&startDate=2024-12-01&endDate=2025-01-31&x_pwa=1&rfrr=HSR&pwa_ts=1721372595709&referrerUrl=aHR0cHM6Ly93d3cudnJiby5jb20vSG90ZWwtU2VhcmNo&useRewards=true&adults=2&regionId=602729&destination=Fort+Myers%2C+Florida%2C+United+States+of+America&destType=MARKET&neighborhoodId=553248635976481742&latLong=26.640629%2C-81.872307&privacyTrackingState=CAN_TRACK&searchId=5b9fd6ea-79b4-47ec-95d8-c09e4f04f84e&sort=RECOMMENDED&top_dp=92&top_cur=USD&userIntent=&selectedRoomType=27263850&selectedRatePlan=00048057614ce1d148df839ba552302fa7de&expediaPropertyId=27263850&propertyName=It+is+time+for+sun%2C+fun+and+GREAT+DEALS+NOW%21,$92 ,"$6,055 ",26.640629,-81.872307,"26.640629,-81.872307",9,Wonderful,14,12/1/24,1/31/25,602729,"Fort Myers, Florida, United States of America",92,USD,27263850,00048057614ce1d148df839ba552302fa7de,5.53249E+17,CAN_TRACK,5b9fd6ea-79b4-47ec-95d8-c09e4f04f84e,N/A,aHR0cHM6Ly93d3cudnJiby5jb20vSG90ZWwtU2VhcmNo,1.72137E+12,2,N/A,N/A
4091926,Park House- Gorgeous Dean Park Residence with Fenced Yard,/4091926?chkin=2024-12-01&chkout=2025-01-31&d1=2024-12-01&d2=2025-01-31&startDate=2024-12-01&endDate=2025-01-31&x_pwa=1&rfrr=HSR&pwa_ts=1721372595710&referrerUrl=aHR0cHM6Ly93d3cudnJiby5jb20vSG90ZWwtU2VhcmNo&useRewards=true&adults=2&regionId=602729&destination=Fort+Myers%2C+Florida%2C+United+States+of+America&destType=MARKET&latLong=26.640629%2C-81.872307&privacyTrackingState=CAN_TRACK&searchId=5b9fd6ea-79b4-47ec-95d8-c09e4f04f84e&sort=RECOMMENDED&top_dp=127&top_cur=USD&userIntent=&selectedRoomType=106798904&selectedRatePlan=0004e56e240219a241b595a497f6e3b1fe17&expediaPropertyId=106798904&propertyName=Park+House-+Gorgeous+Dean+Park+Residence+with+Fenced+Yard,$127 ,"$8,955 ",26.640629,-81.872307,"26.640629,-81.872307",N/A,N/A,N/A,12/1/24,1/31/25,602729,"Fort Myers, Florida, United States of America",127,USD,106798904,0004e56e240219a241b595a497f6e3b1fe17,N/A,CAN_TRACK,5b9fd6ea-79b4-47ec-95d8-c09e4f04f84e,N/A,aHR0cHM6Ly93d3cudnJiby5jb20vSG90ZWwtU2VhcmNo,1.72137E+12,4,2,N/A
1056978,Awesome Spanish Bungalow,/1056978?chkin=2024-12-01&chkout=2025-01-31&d1=2024-12-01&d2=2025-01-31&startDate=2024-12-01&endDate=2025-01-31&x_pwa=1&rfrr=HSR&pwa_ts=1721372595711&referrerUrl=aHR0cHM6Ly93d3cudnJiby5jb20vSG90ZWwtU2VhcmNo&useRewards=true&adults=2&regionId=602729&destination=Fort+Myers%2C+Florida%2C+United+States+of+America&destType=MARKET&neighborhoodId=553248635976468971&latLong=26.640629%2C-81.872307&privacyTrackingState=CAN_TRACK&searchId=5b9fd6ea-79b4-47ec-95d8-c09e4f04f84e&sort=RECOMMENDED&top_dp=77&top_cur=USD&userIntent=&selectedRoomType=35737767&selectedRatePlan=00046065f08431e64c7b96905edb365b18bb&expediaPropertyId=35737767&propertyName=Awesome+Spanish+Bungalow,$77 ,"$5,153 ",26.640629,-81.872307,"26.640629,-81.872307",10,Exceptional,4,12/1/24,1/31/25,602729,"Fort Myers, Florida, United States of America",77,USD,35737767,00046065f08431e64c7b96905edb365b18bb,5.53249E+17,CAN_TRACK,5b9fd6ea-79b4-47ec-95d8-c09e4f04f84e,N/A,aHR0cHM6Ly93d3cudnJiby5jb20vSG90ZWwtU2VhcmNo,1.72137E+12,2,N/A,N/A
1451277,Warm Weather Hideaway,/1451277?chkin=2024-12-01&chkout=2025-01-31&d1=2024-12-01&d2=2025-01-31&startDate=2024-12-01&endDate=2025-01-31&x_pwa=1&rfrr=HSR&pwa_ts=1721372595712&referrerUrl=aHR0cHM6Ly93d3cudnJiby5jb20vSG90ZWwtU2VhcmNo&useRewards=true&adults=2&regionId=602729&destination=Fort+Myers%2C+Florida%2C+United+States+of+America&destType=MARKET&neighborhoodId=553248635976481430&latLong=26.640629%2C-81.872307&privacyTrackingState=CAN_TRACK&searchId=5b9fd6ea-79b4-47ec-95d8-c09e4f04f84e&sort=RECOMMENDED&top_dp=142&top_cur=USD&userIntent=&selectedRoomType=34453562&selectedRatePlan=00041230beffbb97437fb4208d30de3ea0e6&expediaPropertyId=34453562&propertyName=Warm+Weather+Hideaway,$142 ,"$9,474 ",26.640629,-81.872307,"26.640629,-81.872307",10,Exceptional,6,12/1/24,1/31/25,602729,"Fort Myers, Florida, United States of America",142,USD,34453562,00041230beffbb97437fb4208d30de3ea0e6,5.53249E+17,CAN_TRACK,5b9fd6ea-79b4-47ec-95d8-c09e4f04f84e,N/A,aHR0cHM6Ly93d3cudnJiby5jb20vSG90ZWwtU2VhcmNo,1.72137E+12,4,2,2
1383976,Book your well-deserved get-a-way in Florida now at TOP PRICES!,/1383976?chkin=2024-12-01&chkout=2025-01-31&d1=2024-12-01&d2=2025-01-31&startDate=2024-12-01&endDate=2025-01-31&x_pwa=1&rfrr=HSR&pwa_ts=1721372595710&referrerUrl=aHR0cHM6Ly93d3cudnJiby5jb20vSG90ZWwtU2VhcmNo&useRewards=true&adults=2&regionId=602729&destination=Fort+Myers%2C+Florida%2C+United+States+of+America&destType=MARKET&neighborhoodId=553248635976481742&latLong=26.640629%2C-81.872307&privacyTrackingState=CAN_TRACK&searchId=5b9fd6ea-79b4-47ec-95d8-c09e4f04f84e&sort=RECOMMENDED&top_dp=131&top_cur=USD&userIntent=&selectedRoomType=27288469&selectedRatePlan=00045a73e589af924b6f80fe4561da82c285&expediaPropertyId=27288469&propertyName=Book+your+well-deserved+get-a-way+in+Florida+now+at+TOP+PRICES%21,$131 ,"$8,628 ",26.640629,-81.872307,"26.640629,-81.872307",9,Wonderful,26,12/1/24,1/31/25,602729,"Fort Myers, Florida, United States of America",131,USD,27288469,00045a73e589af924b6f80fe4561da82c285,5.53249E+17,CAN_TRACK,5b9fd6ea-79b4-47ec-95d8-c09e4f04f84e,N/A,aHR0cHM6Ly93d3cudnJiby5jb20vSG90ZWwtU2VhcmNo,1.72137E+12,4,2,N/A
2781740,Cozy Retreat + HotTub Oasis; stunning apartment for an Unforgettable Experience,/2781740?chkin=2024-12-01&chkout=2025-01-31&d1=2024-12-01&d2=2025-01-31&startDate=2024-12-01&endDate=2025-01-31&x_pwa=1&rfrr=HSR&pwa_ts=1721372673880&referrerUrl=aHR0cHM6Ly93d3cudnJiby5jb20vSG90ZWwtU2VhcmNo&useRewards=true&adults=2&regionId=6521&destination=Cape+Coral%2C+Florida%2C+United+States+of+America&destType=MARKET&neighborhoodId=553248635976481346&latLong=26.562853%2C-81.949532&privacyTrackingState=CAN_TRACK&searchId=2bd43790-e881-437d-81ad-762e6cb629db&sort=RECOMMENDED&top_dp=100&top_cur=USD&userIntent=&selectedRoomType=78006608&selectedRatePlan=00048c1fac7470a448f8b7ef75a11570db94&expediaPropertyId=78006608&propertyName=Cozy+Retreat+%2B+HotTub+Oasis%3B+stunning+apartment+for+an+Unforgettable+Experience,$100 ,"$6,660 ",26.562853,-81.949532,"26.562853,-81.949532",Premier Host,Exceptional,28,12/1/24,1/31/25,6521,"Cape Coral, Florida, United States of America",100,USD,78006608,00048c1fac7470a448f8b7ef75a11570db94,5.53249E+17,CAN_TRACK,2bd43790-e881-437d-81ad-762e6cb629db,N/A,aHR0cHM6Ly93d3cudnJiby5jb20vSG90ZWwtU2VhcmNo,1.72137E+12,2,N/A,N/A
2816197,Cute studio close to cape coral yacht club,/2816197?chkin=2024-12-01&chkout=2025-01-31&d1=2024-12-01&d2=2025-01-31&startDate=2024-12-01&endDate=2025-01-31&x_pwa=1&rfrr=HSR&pwa_ts=1721372673880&referrerUrl=aHR0cHM6Ly93d3cudnJiby5jb20vSG90ZWwtU2VhcmNo&useRewards=true&adults=2&regionId=6521&destination=Cape+Coral%2C+Florida%2C+United+States+of+America&destType=MARKET&neighborhoodId=553248635975748682&latLong=26.562853%2C-81.949532&privacyTrackingState=CAN_TRACK&searchId=2bd43790-e881-437d-81ad-762e6cb629db&sort=RECOMMENDED&top_dp=108&top_cur=USD&userIntent=&selectedRoomType=78420260&selectedRatePlan=0004202e19465af8440b860a9f1555c6610b&expediaPropertyId=78420260&propertyName=Cute+studio+close+to+cape+coral+yacht+club,$120 ,"$7,149 ",26.562853,-81.949532,"26.562853,-81.949532",9,Wonderful,20,12/1/24,1/31/25,6521,"Cape Coral, Florida, United States of America",108,USD,78420260,0004202e19465af8440b860a9f1555c6610b,5.53249E+17,CAN_TRACK,2bd43790-e881-437d-81ad-762e6cb629db,N/A,aHR0cHM6Ly93d3cudnJiby5jb20vSG90ZWwtU2VhcmNo,1.72137E+12,2,N/A,N/A
2156734,Paradise Luxury Apartment,/2156734?chkin=2024-12-01&chkout=2025-01-31&d1=2024-12-01&d2=2025-01-31&startDate=2024-12-01&endDate=2025-01-31&x_pwa=1&rfrr=HSR&pwa_ts=1721372673880&referrerUrl=aHR0cHM6Ly93d3cudnJiby5jb20vSG90ZWwtU2VhcmNo&useRewards=true&adults=2&regionId=6521&destination=Cape+Coral%2C+Florida%2C+United+States+of+America&destType=MARKET&neighborhoodId=553248635975748682&latLong=26.562853%2C-81.949532&privacyTrackingState=CAN_TRACK&searchId=2bd43790-e881-437d-81ad-762e6cb629db&sort=RECOMMENDED&top_dp=110&top_cur=USD&userIntent=&selectedRoomType=62584316&selectedRatePlan=0004205489ce63e24c5f9b30b5b09e84cd6c&expediaPropertyId=62584316&propertyName=Paradise+Luxury+Apartment,$129 ,"$7,297 ",26.562853,-81.949532,"26.562853,-81.949532",9.6,Exceptional,47,12/1/24,1/31/25,6521,"Cape Coral, Florida, United States of America",110,USD,62584316,0004205489ce63e24c5f9b30b5b09e84cd6c,5.53249E+17,CAN_TRACK,2bd43790-e881-437d-81ad-762e6cb629db,N/A,aHR0cHM6Ly93d3cudnJiby5jb20vSG90ZWwtU2VhcmNo,1.72137E+12,2,N/A,N/A
3293494,"‚≠êÔ∏èA+Location ~ Bikes, Beach, Golf, Games ~ Pool ~3 King ~Walk Shops & Dining‚≠êÔ∏è",/3293494?chkin=2024-12-01&chkout=2025-01-31&d1=2024-12-01&d2=2025-01-31&startDate=2024-12-01&endDate=2025-01-31&x_pwa=1&rfrr=HSR&pwa_ts=1721372673881&referrerUrl=aHR0cHM6Ly93d3cudnJiby5jb20vSG90ZWwtU2VhcmNo&useRewards=true&adults=2&regionId=6521&destination=Cape+Coral%2C+Florida%2C+United+States+of+America&destType=MARKET&neighborhoodId=553248635976481346&latLong=26.562853%2C-81.949532&privacyTrackingState=CAN_TRACK&searchId=2bd43790-e881-437d-81ad-762e6cb629db&sort=RECOMMENDED&top_dp=170&top_cur=USD&userIntent=&selectedRoomType=91862853&selectedRatePlan=000406d7fbd4d0d94a44ab79acfea20e94c5&expediaPropertyId=91862853&propertyName=%E2%AD%90%EF%B8%8FA%2BLocation+%7E+Bikes%2C+Beach%2C+Golf%2C+Games+%7E+Pool+%7E3+King+%7EWalk+Shops+%26+Dining%E2%AD%90%EF%B8%8F,$226 ,"$11,238 ",26.562853,-81.949532,"26.562853,-81.949532",10,Exceptional,12,12/1/24,1/31/25,6521,"Cape Coral, Florida, United States of America",170,USD,91862853,000406d7fbd4d0d94a44ab79acfea20e94c5,5.53249E+17,CAN_TRACK,2bd43790-e881-437d-81ad-762e6cb629db,N/A,aHR0cHM6Ly93d3cudnJiby5jb20vSG90ZWwtU2VhcmNo,1.72137E+12,7,3,2
4060055,Villa Heidi - Breathtaking Gulf Access Home,/4060055?chkin=2024-12-01&chkout=2025-01-31&d1=2024-12-01&d2=2025-01-31&startDate=2024-12-01&endDate=2025-01-31&x_pwa=1&rfrr=HSR&pwa_ts=1721372673880&referrerUrl=aHR0cHM6Ly93d3cudnJiby5jb20vSG90ZWwtU2VhcmNo&useRewards=true&adults=2&regionId=6521&destination=Cape+Coral%2C+Florida%2C+United+States+of+America&destType=MARKET&latLong=26.562853%2C-81.949532&privacyTrackingState=CAN_TRACK&searchId=2bd43790-e881-437d-81ad-762e6cb629db&sort=RECOMMENDED&top_dp=272&top_cur=USD&userIntent=&selectedRoomType=106239595&selectedRatePlan=00047e5a8e43c12c49d58e899b281ffbfdc8&expediaPropertyId=106239595&propertyName=Villa+Heidi+-+Breathtaking+Gulf+Access+Home,$272 ,"$19,356 ",26.562853,-81.949532,"26.562853,-81.949532",9.8,Exceptional,57,12/1/24,1/31/25,6521,"Cape Coral, Florida, United States of America",272,USD,106239595,00047e5a8e43c12c49d58e899b281ffbfdc8,N/A,CAN_TRACK,2bd43790-e881-437d-81ad-762e6cb629db,N/A,aHR0cHM6Ly93d3cudnJiby5jb20vSG90ZWwtU2VhcmNo,1.72137E+12,6,3,3
9955769ha,"Euphoria, SUMMER SPECIAL, Pool/Spa, Waterfront, Beaches, Fishing, sleeps 8",/9955769ha?chkin=2024-12-01&chkout=2025-01-31&d1=2024-12-01&d2=2025-01-31&startDate=2024-12-01&endDate=2025-01-31&x_pwa=1&rfrr=HSR&pwa_ts=1721372673882&referrerUrl=aHR0cHM6Ly93d3cudnJiby5jb20vSG90ZWwtU2VhcmNo&useRewards=true&adults=2&regionId=6521&destination=Cape+Coral%2C+Florida%2C+United+States+of+America&destType=MARKET&neighborhoodId=553248635976659287&latLong=26.562853%2C-81.949532&privacyTrackingState=CAN_TRACK&searchId=2bd43790-e881-437d-81ad-762e6cb629db&sort=RECOMMENDED&top_dp=203&top_cur=USD&userIntent=&selectedRoomType=104454652&selectedRatePlan=00003b2c377b94b04af0a87efe1a24f74218&expediaPropertyId=104454652&propertyName=Euphoria%2C+SUMMER+SPECIAL%2C+Pool%2FSpa%2C+Waterfront%2C+Beaches%2C+Fishing%2C+sleeps+8,$203 ,"$13,785 ",26.562853,-81.949532,"26.562853,-81.949532",N/A,N/A,N/A,12/1/24,1/31/25,6521,"Cape Coral, Florida, United States of America",203,USD,104454652,00003b2c377b94b04af0a87efe1a24f74218,5.53249E+17,CAN_TRACK,2bd43790-e881-437d-81ad-762e6cb629db,N/A,aHR0cHM6Ly93d3cudnJiby5jb20vSG90ZWwtU2VhcmNo,1.72137E+12,6,3,3
3965989,"BRAND NEW, MODERN, COZY ",/3965989?chkin=2024-12-01&chkout=2025-01-31&d1=2024-12-01&d2=2025-01-31&startDate=2024-12-01&endDate=2025-01-31&x_pwa=1&rfrr=HSR&pwa_ts=1721372673883&referrerUrl=aHR0cHM6Ly93d3cudnJiby5jb20vSG90ZWwtU2VhcmNo&useRewards=true&adults=2&regionId=6521&destination=Cape+Coral%2C+Florida%2C+United+States+of+America&destType=MARKET&latLong=26.562853%2C-81.949532&privacyTrackingState=CAN_TRACK&searchId=2bd43790-e881-437d-81ad-762e6cb629db&sort=RECOMMENDED&top_dp=95&top_cur=USD&userIntent=&selectedRoomType=104245887&selectedRatePlan=0004de381897a22548679dc6406f3728ae29&expediaPropertyId=104245887&propertyName=BRAND+NEW%2C+MODERN%2C+COZY+,$95 ,"$6,357 ",26.562853,-81.949532,"26.562853,-81.949532",N/A,N/A,N/A,12/1/24,1/31/25,6521,"Cape Coral, Florida, United States of America",95,USD,104245887,0004de381897a22548679dc6406f3728ae29,N/A,CAN_TRACK,2bd43790-e881-437d-81ad-762e6cb629db,N/A,aHR0cHM6Ly93d3cudnJiby5jb20vSG90ZWwtU2VhcmNo,1.72137E+12,8,3,2
310216ha,'BEST BUY' Affordable & Beautiful Waterfront Condo w/Sunbathing Deck,/310216ha?chkin=2024-12-01&chkout=2025-01-31&d1=2024-12-01&d2=2025-01-31&startDate=2024-12-01&endDate=2025-01-31&x_pwa=1&rfrr=HSR&pwa_ts=1721372673883&referrerUrl=aHR0cHM6Ly93d3cudnJiby5jb20vSG90ZWwtU2VhcmNo&useRewards=true&adults=2&regionId=6521&destination=Cape+Coral%2C+Florida%2C+United+States+of+America&destType=MARKET&neighborhoodId=553248635975748682&latLong=26.562853%2C-81.949532&privacyTrackingState=CAN_TRACK&searchId=2bd43790-e881-437d-81ad-762e6cb629db&sort=RECOMMENDED&top_dp=184&top_cur=USD&userIntent=&selectedRoomType=37740085&selectedRatePlan=00000aec5d1136804b99be7aadc817370035&expediaPropertyId=37740085&propertyName=%27BEST+BUY%27+Affordable+%26+Beautiful+Waterfront+Condo+w%2FSunbathing+Deck,$184 ,"$12,312 ",26.562853,-81.949532,"26.562853,-81.949532",10,Exceptional,31,12/1/24,1/31/25,6521,"Cape Coral, Florida, United States of America",184,USD,37740085,00000aec5d1136804b99be7aadc817370035,5.53249E+17,CAN_TRACK,2bd43790-e881-437d-81ad-762e6cb629db,N/A,aHR0cHM6Ly93d3cudnJiby5jb20vSG90ZWwtU2VhcmNo,1.72137E+12,4,2,2
9851602ha,Waterfront Cape Coral Oasis w/ Boat Dock & Lanai!,/9851602ha?chkin=2024-12-01&chkout=2025-01-31&d1=2024-12-01&d2=2025-01-31&startDate=2024-12-01&endDate=2025-01-31&x_pwa=1&rfrr=HSR&pwa_ts=1721372673883&referrerUrl=aHR0cHM6Ly93d3cudnJiby5jb20vSG90ZWwtU2VhcmNo&useRewards=true&adults=2&regionId=6521&destination=Cape+Coral%2C+Florida%2C+United+States+of+America&destType=MARKET&neighborhoodId=553248635975748682&latLong=26.562853%2C-81.949532&privacyTrackingState=CAN_TRACK&searchId=2bd43790-e881-437d-81ad-762e6cb629db&sort=RECOMMENDED&top_dp=323&top_cur=USD&userIntent=&selectedRoomType=96180781&selectedRatePlan=0000a0589965bca04818ae474a024112d2b3&expediaPropertyId=96180781&propertyName=Waterfront+Cape+Coral+Oasis+w%2F+Boat+Dock+%26+Lanai%21,$323 ,"$22,570 ",26.562853,-81.949532,"26.562853,-81.949532",9.6,Exceptional,40,12/1/24,1/31/25,6521,"Cape Coral, Florida, United States of America",323,USD,96180781,0000a0589965bca04818ae474a024112d2b3,5.53249E+17,CAN_TRACK,2bd43790-e881-437d-81ad-762e6cb629db,N/A,aHR0cHM6Ly93d3cudnJiby5jb20vSG90ZWwtU2VhcmNo,1.72137E+12,6,3,2
4447279ha,Cape Life - Florida Lifestyle at its Best,/4447279ha?chkin=2024-12-01&chkout=2025-01-31&d1=2024-12-01&d2=2025-01-31&startDate=2024-12-01&endDate=2025-01-31&x_pwa=1&rfrr=HSR&pwa_ts=1721372673880&referrerUrl=aHR0cHM6Ly93d3cudnJiby5jb20vSG90ZWwtU2VhcmNo&useRewards=true&adults=2&regionId=6521&destination=Cape+Coral%2C+Florida%2C+United+States+of+America&destType=MARKET&neighborhoodId=553248635976481346&latLong=26.562853%2C-81.949532&privacyTrackingState=CAN_TRACK&searchId=2bd43790-e881-437d-81ad-762e6cb629db&sort=RECOMMENDED&top_dp=215&top_cur=USD&userIntent=&selectedRoomType=19859997&selectedRatePlan=00003af4c7f7f8234bc6b452fb53f9a6e5ec&expediaPropertyId=19859997&propertyName=Cape+Life+-+Florida+Lifestyle+at+its+Best,$215 ,"$16,704 ",26.562853,-81.949532,"26.562853,-81.949532",9.4,Exceptional,8,12/1/24,1/31/25,6521,"Cape Coral, Florida, United States of America",215,USD,19859997,00003af4c7f7f8234bc6b452fb53f9a6e5ec,5.53249E+17,CAN_TRACK,2bd43790-e881-437d-81ad-762e6cb629db,N/A,aHR0cHM6Ly93d3cudnJiby5jb20vSG90ZWwtU2VhcmNo,1.72137E+12,8,4,2
2189079,Quiet Riverside Cottage in Downtown Bonita Springs,/2189079?chkin=2024-11-01&chkout=2024-12-31&d1=2024-11-01&d2=2024-12-31&startDate=2024-11-01&endDate=2024-12-31&x_pwa=1&rfrr=HSR&pwa_ts=1721373238867&referrerUrl=aHR0cHM6Ly93d3cudnJiby5jb20vSG90ZWwtU2VhcmNo&useRewards=true&adults=2&regionId=6403&destination=Bonita+Springs%2C+Florida%2C+United+States+of+America&destType=MARKET&latLong=26.339806%2C-81.778694&privacyTrackingState=CAN_TRACK&searchId=3a71c99c-a937-4dde-8425-fc36bfc1dbee&sort=RECOMMENDED&top_dp=177&top_cur=USD&userIntent=&selectedRoomType=63879992&selectedRatePlan=0004084ffda213f04581b897fb2524757776&expediaPropertyId=63879992&propertyName=Quiet+Riverside+Cottage+in+Downtown+Bonita+Springs,$194 ,"$11,302 ",26.339806,-81.778694,"26.339806,-81.778694",10,Exceptional,13,11/1/24,12/31/24,6403,"Bonita Springs, Florida, United States of America",177,USD,63879992,0004084ffda213f04581b897fb2524757776,N/A,CAN_TRACK,3a71c99c-a937-4dde-8425-fc36bfc1dbee,N/A,aHR0cHM6Ly93d3cudnJiby5jb20vSG90ZWwtU2VhcmNo,1.72137E+12,8,N/A,N/A
3952463,"Bonita Beach & Tennis Club Condo Steps Away from Beach, Restaurants { 5 Min Walk",/3952463?chkin=2024-11-01&chkout=2024-12-31&d1=2024-11-01&d2=2024-12-31&startDate=2024-11-01&endDate=2024-12-31&x_pwa=1&rfrr=HSR&pwa_ts=1721373238866&referrerUrl=aHR0cHM6Ly93d3cudnJiby5jb20vSG90ZWwtU2VhcmNo&useRewards=true&adults=2&regionId=6403&destination=Bonita+Springs%2C+Florida%2C+United+States+of+America&destType=MARKET&latLong=26.339806%2C-81.778694&privacyTrackingState=CAN_TRACK&searchId=3a71c99c-a937-4dde-8425-fc36bfc1dbee&sort=RECOMMENDED&top_dp=161&top_cur=USD&userIntent=&selectedRoomType=104044758&selectedRatePlan=000437a252a7330647b0a13594892babe2ac&expediaPropertyId=104044758&propertyName=Bonita+Beach+%26+Tennis+Club+Condo+Steps+Away+from+Beach%2C+Restaurants+%7B+5+Min+Walk,$179 ,"$10,329 ",26.339806,-81.778694,"26.339806,-81.778694",N/A,N/A,N/A,11/1/24,12/31/24,6403,"Bonita Springs, Florida, United States of America",161,USD,104044758,000437a252a7330647b0a13594892babe2ac,N/A,CAN_TRACK,3a71c99c-a937-4dde-8425-fc36bfc1dbee,N/A,aHR0cHM6Ly93d3cudnJiby5jb20vSG90ZWwtU2VhcmNo,1.72137E+12,4,N/A,N/A
2939574ha,"Beautiful, newly renovated pool-villa in a gated community ",/2939574ha?chkin=2024-11-01&chkout=2024-12-31&d1=2024-11-01&d2=2024-12-31&startDate=2024-11-01&endDate=2024-12-31&x_pwa=1&rfrr=HSR&pwa_ts=1721373238867&referrerUrl=aHR0cHM6Ly93d3cudnJiby5jb20vSG90ZWwtU2VhcmNo&useRewards=true&adults=2&regionId=6403&destination=Bonita+Springs%2C+Florida%2C+United+States+of+America&destType=MARKET&latLong=26.339806%2C-81.778694&privacyTrackingState=CAN_TRACK&searchId=3a71c99c-a937-4dde-8425-fc36bfc1dbee&sort=RECOMMENDED&top_dp=235&top_cur=USD&userIntent=&selectedRoomType=39143930&selectedRatePlan=0002bd7fc21a27f84be1862bb2ab31cf2432&expediaPropertyId=39143930&propertyName=Beautiful%2C+newly+renovated+pool-villa+in+a+gated+community+,$235 ,"$15,432 ",26.339806,-81.778694,"26.339806,-81.778694",10,Exceptional,10,11/1/24,12/31/24,6403,"Bonita Springs, Florida, United States of America",235,USD,39143930,0002bd7fc21a27f84be1862bb2ab31cf2432,N/A,CAN_TRACK,3a71c99c-a937-4dde-8425-fc36bfc1dbee,N/A,aHR0cHM6Ly93d3cudnJiby5jb20vSG90ZWwtU2VhcmNo,1.72137E+12,4,2,2
1189283,Pretty and Private Beach Cottage,/1189283?chkin=2024-11-01&chkout=2024-12-31&d1=2024-11-01&d2=2024-12-31&startDate=2024-11-01&endDate=2024-12-31&x_pwa=1&rfrr=HSR&pwa_ts=1721373238866&referrerUrl=aHR0cHM6Ly93d3cudnJiby5jb20vSG90ZWwtU2VhcmNo&useRewards=true&adults=2&regionId=6403&destination=Bonita+Springs%2C+Florida%2C+United+States+of+America&destType=MARKET&neighborhoodId=553248635976474586&latLong=26.339806%2C-81.778694&privacyTrackingState=CAN_TRACK&searchId=3a71c99c-a937-4dde-8425-fc36bfc1dbee&sort=RECOMMENDED&top_dp=142&top_cur=USD&userIntent=&selectedRoomType=21294241&selectedRatePlan=0004cc41f50df64f4258bf5adb301ccad4e7&expediaPropertyId=21294241&propertyName=Pretty+and+Private+Beach+Cottage,$142 ,"$9,097 ",26.339806,-81.778694,"26.339806,-81.778694",10,Exceptional,80,11/1/24,12/31/24,6403,"Bonita Springs, Florida, United States of America",142,USD,21294241,0004cc41f50df64f4258bf5adb301ccad4e7,5.53249E+17,CAN_TRACK,3a71c99c-a937-4dde-8425-fc36bfc1dbee,N/A,aHR0cHM6Ly93d3cudnJiby5jb20vSG90ZWwtU2VhcmNo,1.72137E+12,4,2,N/A
2375566,Spacious 2 Bed/ 2 Bathroom Condo 3 Miles From Gulf Coast beaches,/2375566?chkin=2024-11-01&chkout=2024-12-31&d1=2024-11-01&d2=2024-12-31&startDate=2024-11-01&endDate=2024-12-31&x_pwa=1&rfrr=HSR&pwa_ts=1721373238866&referrerUrl=aHR0cHM6Ly93d3cudnJiby5jb20vSG90ZWwtU2VhcmNo&useRewards=true&adults=2&regionId=6403&destination=Bonita+Springs%2C+Florida%2C+United+States+of+America&destType=MARKET&latLong=26.339806%2C-81.778694&privacyTrackingState=CAN_TRACK&searchId=3a71c99c-a937-4dde-8425-fc36bfc1dbee&sort=RECOMMENDED&top_dp=195&top_cur=USD&userIntent=&selectedRoomType=69535508&selectedRatePlan=00045c603c07d2fb417d9a06ee0b739e32cd&expediaPropertyId=69535508&propertyName=Spacious+2+Bed%2F+2+Bathroom+Condo+3+Miles+From+Gulf+Coast+beaches,$195 ,"$12,371 ",26.339806,-81.778694,"26.339806,-81.778694",N/A,N/A,N/A,11/1/24,12/31/24,6403,"Bonita Springs, Florida, United States of America",195,USD,69535508,00045c603c07d2fb417d9a06ee0b739e32cd,N/A,CAN_TRACK,3a71c99c-a937-4dde-8425-fc36bfc1dbee,N/A,aHR0cHM6Ly93d3cudnJiby5jb20vSG90ZWwtU2VhcmNo,1.72137E+12,4,2,2
438282,Minutes to the Beach- Ground Floor Coach Home,/438282?chkin=2024-11-01&chkout=2024-12-31&d1=2024-11-01&d2=2024-12-31&startDate=2024-11-01&endDate=2024-12-31&x_pwa=1&rfrr=HSR&pwa_ts=1721373238866&referrerUrl=aHR0cHM6Ly93d3cudnJiby5jb20vSG90ZWwtU2VhcmNo&useRewards=true&adults=2&regionId=6403&destination=Bonita+Springs%2C+Florida%2C+United+States+of+America&destType=MARKET&neighborhoodId=553248635976474586&latLong=26.339806%2C-81.778694&privacyTrackingState=CAN_TRACK&searchId=3a71c99c-a937-4dde-8425-fc36bfc1dbee&sort=RECOMMENDED&top_dp=180&top_cur=USD&userIntent=&selectedRoomType=35736222&selectedRatePlan=0004140e36a6d4e745559cf9f62a4e8f3922&expediaPropertyId=35736222&propertyName=Minutes+to+the+Beach-+Ground+Floor+Coach+Home,$180 ,"$11,708 ",26.339806,-81.778694,"26.339806,-81.778694",10,Exceptional,6,11/1/24,12/31/24,6403,"Bonita Springs, Florida, United States of America",180,USD,35736222,0004140e36a6d4e745559cf9f62a4e8f3922,5.53249E+17,CAN_TRACK,3a71c99c-a937-4dde-8425-fc36bfc1dbee,N/A,aHR0cHM6Ly93d3cudnJiby5jb20vSG90ZWwtU2VhcmNo,1.72137E+12,6,2,2
1748779,"The newly renovated condo is steps away from Barefoot Beach, and Lover's Key",/1748779?chkin=2024-11-01&chkout=2024-12-31&d1=2024-11-01&d2=2024-12-31&startDate=2024-11-01&endDate=2024-12-31&x_pwa=1&rfrr=HSR&pwa_ts=1721373238867&referrerUrl=aHR0cHM6Ly93d3cudnJiby5jb20vSG90ZWwtU2VhcmNo&useRewards=true&adults=2&regionId=6403&destination=Bonita+Springs%2C+Florida%2C+United+States+of+America&destType=MARKET&latLong=26.339806%2C-81.778694&privacyTrackingState=CAN_TRACK&searchId=3a71c99c-a937-4dde-8425-fc36bfc1dbee&sort=RECOMMENDED&top_dp=220&top_cur=USD&userIntent=&selectedRoomType=39846495&selectedRatePlan=00044740f32092a349e797e910f767a2a55a&expediaPropertyId=39846495&propertyName=The+newly+renovated+condo+is+steps+away+from+Barefoot+Beach%2C+and+Lover%27s+Key,$220 ,"$14,102 ",26.339806,-81.778694,"26.339806,-81.778694",9.8,Exceptional,29,11/1/24,12/31/24,6403,"Bonita Springs, Florida, United States of America",220,USD,39846495,00044740f32092a349e797e910f767a2a55a,N/A,CAN_TRACK,3a71c99c-a937-4dde-8425-fc36bfc1dbee,N/A,aHR0cHM6Ly93d3cudnJiby5jb20vSG90ZWwtU2VhcmNo,1.72137E+12,4,N/A,N/A
2915367,Cozy Getaway with pool and minutes to the beach!!!,/2915367?chkin=2024-11-01&chkout=2024-12-31&d1=2024-11-01&d2=2024-12-31&startDate=2024-11-01&endDate=2024-12-31&x_pwa=1&rfrr=HSR&pwa_ts=1721373238870&referrerUrl=aHR0cHM6Ly93d3cudnJiby5jb20vSG90ZWwtU2VhcmNo&useRewards=true&adults=2&regionId=6403&destination=Bonita+Springs%2C+Florida%2C+United+States+of+America&destType=MARKET&neighborhoodId=553248635976474586&latLong=26.339806%2C-81.778694&privacyTrackingState=CAN_TRACK&searchId=3a71c99c-a937-4dde-8425-fc36bfc1dbee&sort=RECOMMENDED&top_dp=190&top_cur=USD&userIntent=&selectedRoomType=83234789&selectedRatePlan=00042fef4151b480427f9a2d015da27eb1ba&expediaPropertyId=83234789&propertyName=Cozy+Getaway+with+pool+and+minutes+to+the+beach%21%21%21,$200 ,"$12,218 ",26.339806,-81.778694,"26.339806,-81.778694",9.8,Exceptional,15,11/1/24,12/31/24,6403,"Bonita Springs, Florida, United States of America",190,USD,83234789,00042fef4151b480427f9a2d015da27eb1ba,5.53249E+17,CAN_TRACK,3a71c99c-a937-4dde-8425-fc36bfc1dbee,N/A,aHR0cHM6Ly93d3cudnJiby5jb20vSG90ZWwtU2VhcmNo,1.72137E+12,4,2,N/A
3687377,1/1 Gulf access canal with canoe and kayaks 1 mi to Bonita beach just remodeled.,/3687377?chkin=2024-11-01&chkout=2024-12-31&d1=2024-11-01&d2=2024-12-31&startDate=2024-11-01&endDate=2024-12-31&x_pwa=1&rfrr=HSR&pwa_ts=1721373238870&referrerUrl=aHR0cHM6Ly93d3cudnJiby5jb20vSG90ZWwtU2VhcmNo&useRewards=true&adults=2&regionId=6403&destination=Bonita+Springs%2C+Florida%2C+United+States+of+America&destType=MARKET&neighborhoodId=553248635976474586&latLong=26.339806%2C-81.778694&privacyTrackingState=CAN_TRACK&searchId=3a71c99c-a937-4dde-8425-fc36bfc1dbee&sort=RECOMMENDED&top_dp=154&top_cur=USD&userIntent=&selectedRoomType=100038407&selectedRatePlan=00042899f7fb36a04f51a5b7cf6ff35eccaf&expediaPropertyId=100038407&propertyName=1%2F1+Gulf+access+canal+with+canoe+and+kayaks+1+mi+to+Bonita+beach+just+remodeled.,$154 ,"$9,786 ",26.339806,-81.778694,"26.339806,-81.778694",10,Exceptional,8,11/1/24,12/31/24,6403,"Bonita Springs, Florida, United States of America",154,USD,100038407,00042899f7fb36a04f51a5b7cf6ff35eccaf,5.53249E+17,CAN_TRACK,3a71c99c-a937-4dde-8425-fc36bfc1dbee,N/A,aHR0cHM6Ly93d3cudnJiby5jb20vSG90ZWwtU2VhcmNo,1.72137E+12,2,N/A,N/A
3809660,"Classic dog-friendly cottage with kitchen, washer/dryer, & central AC",/3809660?chkin=2024-11-01&chkout=2024-12-31&d1=2024-11-01&d2=2024-12-31&startDate=2024-11-01&endDate=2024-12-31&x_pwa=1&rfrr=HSR&pwa_ts=1721373238866&referrerUrl=aHR0cHM6Ly93d3cudnJiby5jb20vSG90ZWwtU2VhcmNo&useRewards=true&adults=2&regionId=6403&destination=Bonita+Springs%2C+Florida%2C+United+States+of+America&destType=MARKET&latLong=26.339806%2C-81.778694&privacyTrackingState=CAN_TRACK&searchId=3a71c99c-a937-4dde-8425-fc36bfc1dbee&sort=RECOMMENDED&top_dp=110&top_cur=USD&userIntent=&selectedRoomType=101752059&selectedRatePlan=000484db2da5bfef4bc986ff61e11a75ba08&expediaPropertyId=101752059&propertyName=Classic+dog-friendly+cottage+with+kitchen%2C+washer%2Fdryer%2C+%26+central+AC,$110 ,"$7,823 ",26.339806,-81.778694,"26.339806,-81.778694",10,Exceptional,2,11/1/24,12/31/24,6403,"Bonita Springs, Florida, United States of America",110,USD,101752059,000484db2da5bfef4bc986ff61e11a75ba08,N/A,CAN_TRACK,3a71c99c-a937-4dde-8425-fc36bfc1dbee,N/A,aHR0cHM6Ly93d3cudnJiby5jb20vSG90ZWwtU2VhcmNo,1.72137E+12,4,2,N/A